X,Y,city,course1,course2,course3,course4,course5,course6,course7,course8,course9,course10,course11,course12,course13,course14,course15,course16,course17,course18,course19,course20,lon,lat,website1,website2,website3,website4,website5,website6,website7,website8,website9,website10,website11,website12,website13,website14,website15,website16,website17,website18,website19,website20,status1,status2,status3,status4,status5,status6,status7,status8,status9,status10,status11,status12,status13,status14,status15,status16,status17,status18,status19,status20
9.921747,57.0488195,Aalborg,ADVANCES,Media AC,DCLead,,,,,,,,,,,,,,,,,,9.921747,57.0488195,http://www.socialworkadvances.org/,http://www.mediaartscultures.eu/,http://www.dclead.eu/,,,,,,,,,,,,,,,,,,,,,,,,,,,,,,,,,,,,,
10.2039,56.1629,Aarhus,EM-SANF,,,,,,,,,,,,,,,,,,,,10.2039,56.1629,http://www.emsanf.eu/UK/,,,,,,,,,,,,,,,,,,,,DISCONTINUED,,,,,,,,,,,,,,,,,,,
5.447427,43.529742,Aix-en-Provence,EMLE,,,,,,,,,,,,,,,,,,,,5.447427,43.529742,http://www.emle.org/,,,,,,,,,,,,,,,,,,,,,,,,,,,,,,,,,,,,,,,
-7.930834,37.0179538,Algarve,IMBRSea,,,,,,,,,,,,,,,,,,,,-7.930834,37.0179538,http://www.imbrsea.eu/,,,,,,,,,,,,,,,,,,,,NEW,,,,,,,,,,,,,,,,,,,
76.8512485,43.2220146,Almaty,IMRCEES,,,,,,,,,,,,,,,,,,,,76.8512485,43.2220146,http://www.gla.ac.uk/postgraduate/erasmusmundus/imrcees/,,,,,,,,,,,,,,,,,,,,,,,,,,,,,,,,,,,,,,,
13.0824,55.6576,Alnarp,SUFONAMA,,,,,,,,,,,,,,,,,,,,13.0824,55.6576,http://sufonama.eu/,,,,,,,,,,,,,,,,,,,,DISCONTINUED,,,,,,,,,,,,,,,,,,,
4.8951679,52.3702157,Amsterdam,ATOSIM,NEURASMUS,GLOBED,MUNDUS JOURNALISM,,,,,,,,,,,,,,,,,4.8951679,52.3702157,http://www.erasmusmundus-atosim.cecam.org/,www.neurasmus.u-bordeaux2.fr,http://globed.eu/,http://www.mundusjournalism.com/,,,,,,,,,,,,,,,,,DISCONTINUED,NEW,,,,,,,,,,,,,,,,,,
13.518915,43.6158299,Ancona,IMBRSea,,,,,,,,,,,,,,,,,,,,13.518915,43.6158299,http://www.imbrsea.eu/,,,,,,,,,,,,,,,,,,,,NEW,,,,,,,,,,,,,,,,,,,
-0.563166,47.478419,Angers,NANOMED,,,,,,,,,,,,,,,,,,,,-0.563166,47.478419,http://master-nanomed.eu/,,,,,,,,,,,,,,,,,,,,NEW,,,,,,,,,,,,,,,,,,,
32.8597419,39.9333635,Ankara,MEEES,,,,,,,,,,,,,,,,,,,,32.8597419,39.9333635,http://www.meees.org/,,,,,,,,,,,,,,,,,,,,,,,,,,,,,,,,,,,,,,,
4.4024643,51.2194475,Antwerp,EUCOMOR,MEGEI,LIVE,,,,,,,,,,,,,,,,,,4.4024643,51.2194475,http://www.eucomor.net/,http://www.ua.ac.be/egei,http://live.univ-lyon1.fr/,,,,,,,,,,,,,,,,,,,,,,,,,,,,,,,,,,,,,
10.8978,48.3705,Augsburg,FAME,,,,,,,,,,,,,,,,,,,,10.8978,48.3705,http://www.fame-master.com/,,,,,,,,,,,,,,,,,,,,DISCONTINUED,,,,,,,,,,,,,,,,,,,
-8.6538,40.6405,Aveiro,FAME,,,,,,,,,,,,,,,,,,,,-8.6538,40.6405,http://www.fame-master.com/,,,,,,,,,,,,,,,,,,,,DISCONTINUED,,,,,,,,,,,,,,,,,,,
-76.6121893,39.2903848,Baltimore,WOP-P,,,,,,,,,,,,,,,,,,,,-76.6121893,39.2903848,https://www.erasmuswop.org,,,,,,,,,,,,,,,,,,,,NEW,,,,,,,,,,,,,,,,,,,
-4.1239,53.2274,Bangor,SUFONAMA,,,,,,,,,,,,,,,,,,,,-4.1239,53.2274,http://sufonama.eu/,,,,,,,,,,,,,,,,,,,,DISCONTINUED,,,,,,,,,,,,,,,,,,,
2.1734,41.3851,Barcelona,EMQAL,GLOCAL,GLOBED,WOP-P,AMASE,MCM,IDOH,MATHMODS,MAISI,MIM,BDMA,LIVE,EuroAquae+,ChIR,MUNDUS MAPP,MUNDUS URBANO,CoMEM,EUROPHOTONICS,NUPHYS,QEM,2.1734,41.3851,http://www.emqal.org/,http://www.gla.ac.uk/postgraduate/erasmusmundus/glocal/,http://globed.eu/,https://www.erasmuswop.org,http://www.amase-master.net/,http://www.cimne.com/cm-master/,http://infectious-diseases-one-health.eu/#services-tou,http://www.mathmods.eu/,http://www.maisi-project.eu/,http://www.mastermimplus.eu/,http://bdma.univ-tours.fr/bdma/,http://live.univ-lyon1.fr/,http://master.euroaquae.eu/,http://www.emmcchir.org/,http://www.mundusmapp.org/,http://www.mundus-urbano.eu/,http://www.ntnu.edu/studies/mscomem,http://www.europhotonics.org/wordpress/,alojamientosv.us.es/nuphysjmd/,http://erasmusmundus-qem.univ-paris1.fr/,,NEW,,NEW,,,NEW,,NEW,,NEW,,NEW,,DISCONTINUED,,,,NEW,
16.8719083,41.1171488,Bari,MEGEI,,,,,,,,,,,,,,,,,,,,16.8719083,41.1171488,http://www.ua.ac.be/egei,,,,,,,,,,,,,,,,,,,,,,,,,,,,,,,,,,,,,,,
116.4074,39.9042,Beijing,MARIHE,,,,,,,,,,,,,,,,,,,,116.4074,39.9042,http://www.marihe.eu/,,,,,,,,,,,,,,,,,,,,DISCONTINUED,,,,,,,,,,,,,,,,,,,
-5.93012,54.597285,Belfast,ME3,,,,,,,,,,,,,,,,,,,,-5.93012,54.597285,http://www.emn.fr/z-de/me3-site/,,,,,,,,,,,,,,,,,,,,,,,,,,,,,,,,,,,,,,,
20.4489216,44.786568,Belgrade,ASTROMUNDUS,,,,,,,,,,,,,,,,,,,,20.4489216,44.786568,http://www.astromundus.eu/,,,,,,,,,,,,,,,,,,,,,,,,,,,,,,,,,,,,,,,
9.6773,45.6983,Bergamo,CWCN,,,,,,,,,,,,,,,,,,,,9.6773,45.6983,http://www.munduscrossways.eu/,,,,,,,,,,,,,,,,,,,,DISCONTINUED,,,,,,,,,,,,,,,,,,,
5.3220544,60.3912628,Bergen,EMQAL,EMSD,IMBRSea,,,,,,,,,,,,,,,,,,5.3220544,60.3912628,http://www.emqal.org/,http://www.europeansystemdynamics.eu/,http://www.imbrsea.eu/,,,,,,,,,,,,,,,,,,,,NEW,,,,,,,,,,,,,,,,,
13.404954,52.5200066,Berlin,EPOG,IMRD,NEURASMUS,,,,,,,,,,,,,,,,,,13.404954,52.5200066,http://www.epog.eu/,http://www.imrd.ugent.be/,www.neurasmus.u-bordeaux2.fr,,,,,,,,,,,,,,,,,,,,NEW,,,,,,,,,,,,,,,,,
11.7537327,51.7833579,Bernburg,BIFTEC,,,,,,,,,,,,,,,,,,,,11.7537327,51.7833579,http://www.fet.kuleuven.be/biftec,,,,,,,,,,,,,,,,,,,,,,,,,,,,,,,,,,,,,,,
6.0240539,47.237829,Besançon,EU4M - EMMC,,,,,,,,,,,,,,,,,,,,6.0240539,47.237829,http://www.eu4m.eu/,,,,,,,,,,,,,,,,,,,,,,,,,,,,,,,,,,,,,,,
8.5324708,52.0302285,Bielefeld,QEM,,,,,,,,,,,,,,,,,,,,8.5324708,52.0302285,http://erasmusmundus-qem.univ-paris1.fr/,,,,,,,,,,,,,,,,,,,,,,,,,,,,,,,,,,,,,,,
-2.935,43.263,Bilbao,EM HRPP,EUROCULTURE,IMBRSea,,,,,,,,,,,,,,,,,,-2.935,43.263,http://ws1.roehampton.ac.uk/admissions/erasmusmundus/hrp/index.html,https://www.euroculturemaster.eu/,http://www.imbrsea.eu/,,,,,,,,,,,,,,,,,,,DISCONTINUED,NEW,,,,,,,,,,,,,,,,,
11.3426,44.4949,Bologna,ASC,WOP-P,GEMMA,EMLE,CLE,WACOMA,ChIR,,,,,,,,,,,,,,11.3426,44.4949,http://www.master-asc.org/,https://www.erasmuswop.org,http://masteres.ugr.es/gemma/,http://www.emle.org/,http://www.cle.unibo.it/site/,"http://erasmusmundus.uca.es/en/content,3,erasmus-mundus",http://www.emmcchir.org/,,,,,,,,,,,,,,,NEW,DISCONTINUED,,,DISCONTINUED,,,,,,,,,,,,,,
11.3547582,46.4982953,Bolzano,EMSE,,,,,,,,,,,,,,,,,,,,11.3547582,46.4982953,http://em-se.eu/,,,,,,,,,,,,,,,,,,,,,,,,,,,,,,,,,,,,,,,
7.0982,50.7374,Bonn,EUROPHILOSOPHIE,,,,,,,,,,,,,,,,,,,,7.0982,50.7374,http://europhilomem.hypotheses.org/,,,,,,,,,,,,,,,,,,,,DISCONTINUED,,,,,,,,,,,,,,,,,,,
-0.5792,44.8378,Bordeaux,FAME,NEURASMUS,MEREMMC,WINTOUR,VINIFERA,,,,,,,,,,,,,,,,-0.5792,44.8378,http://www.fame-master.com/,www.neurasmus.u-bordeaux2.fr,http://www.merconsortium.eu/,http://www.wintour-master.eu/en_index/,http://vinifera-euromaster.eu/,,,,,,,,,,,,,,,,DISCONTINUED,NEW,,,,,,,,,,,,,,,,,,
-8.4265071,41.5454714,Braga,EMLex,,,,,,,,,,,,,,,,,,,,-8.4265071,41.5454714,http://www.emlex.phil.uni-erlangen.de/,,,,,,,,,,,,,,,,,,,,,,,,,,,,,,,,,,,,,,,
-47.8821658,-15.7942287,Brasilia,WOP-P,MEGEI,,,,,,,,,,,,,,,,,,,-47.8821658,-15.7942287,https://www.erasmuswop.org,http://www.ua.ac.be/egei,,,,,,,,,,,,,,,,,,,NEW,,,,,,,,,,,,,,,,,,,
25.6011977,45.6579755,Brasov,MScEF,,,,,,,,,,,,,,,,,,,,25.6011977,45.6579755,http://www.uef.fi/en/web/mdp-europeanforestry,,,,,,,,,,,,,,,,,,,,NEW,,,,,,,,,,,,,,,,,,,
153.0251235,-27.4697707,Brisbane,TROPIMUNDO,,,,,,,,,,,,,,,,,,,,153.0251235,-27.4697707,http://www.tropimundo.eu/,,,,,,,,,,,,,,,,,,,,,,,,,,,,,,,,,,,,,,,
4.3517103,50.8503396,Brussels,4CITIES,MEGEI,TROPIMUNDO,DCLead,BDMA,,,,,,,,,,,,,,,,4.3517103,50.8503396,http://www.4cities.eu/,http://www.ua.ac.be/egei,http://www.tropimundo.eu/,http://www.dclead.eu/,http://bdma.univ-tours.fr/bdma/,,,,,,,,,,,,,,,,,,,,NEW,,,,,,,,,,,,,,,
19.0402,47.4979,Budapest,CoDe,ME3,SSI,EMLex,VufindR,MUNDUS MAPP,GEMMA,IMRCEES,,,,,,,,,,,,,19.0402,47.4979,http://www.erasmusmundus-code.eu/,http://www.emn.fr/z-de/me3-site/,http://ssi-master.eu/,http://www.emlex.phil.uni-erlangen.de/,http://www.viewfinder-ma.eu/,http://www.mundusmapp.org/,http://masteres.ugr.es/gemma/,http://www.gla.ac.uk/postgraduate/erasmusmundus/imrcees/,,,,,,,,,,,,,,,,,NEW,DISCONTINUED,DISCONTINUED,,,,,,,,,,,,,
2.331433,48.791855,Cachan,MONABIP,,,,,,,,,,,,,,,,,,,,2.331433,48.791855,http://www.monabiphot.ens-cachan.fr/,,,,,,,,,,,,,,,,,,,,,,,,,,,,,,,,,,,,,,,
-6.2886,36.5271,Cadiz,EMQAL,WACOMA,,,,,,,,,,,,,,,,,,,-6.2886,36.5271,http://www.emqal.org/,"http://erasmusmundus.uca.es/en/content,3,erasmus-mundus",,,,,,,,,,,,,,,,,,,,DISCONTINUED,,,,,,,,,,,,,,,,,,
-0.370679,49.182863,Caen,NUPHYS,,,,,,,,,,,,,,,,,,,,-0.370679,49.182863,alojamientosv.us.es/nuphysjmd/,,,,,,,,,,,,,,,,,,,,NEW,,,,,,,,,,,,,,,,,,,
31.2357116,30.0444196,Cairo,ESTeDe,,,,,,,,,,,,,,,,,,,,31.2357116,30.0444196,http://www.em-stede.eu/,,,,,,,,,,,,,,,,,,,,NEW,,,,,,,,,,,,,,,,,,,
-71.1097335,42.3736158,Cambridge,MEME,,,,,,,,,,,,,,,,,,,,-71.1097335,42.3736158,http://www.evobio.eu/,,,,,,,,,,,,,,,,,,,,,,,,,,,,,,,,,,,,,,,
-54.6202365,-20.4697645,Campo Grande,ESTeDe,,,,,,,,,,,,,,,,,,,,-54.6202365,-20.4697645,http://www.em-stede.eu/,,,,,,,,,,,,,,,,,,,,NEW,,,,,,,,,,,,,,,,,,,
-3.1791,51.4816,Cardiff,PLANET Europe,,,,,,,,,,,,,,,,,,,,-3.1791,51.4816,http://www.planet-europe.eu/,,,,,,,,,,,,,,,,,,,,DISCONTINUED,,,,,,,,,,,,,,,,,,,
13.8332193,41.4866953,Cassino,MAIA,,,,,,,,,,,,,,,,,,,,13.8332193,41.4866953,http://www.maiamaster.org/,,,,,,,,,,,,,,,,,,,,,,,,,,,,,,,,,,,,,,,
-0.0513246,39.9863563,Castellón de la Plana,EMARO+,GeoTech,,,,,,,,,,,,,,,,,,,-0.0513246,39.9863563,http://emaro.irccyn.ec-nantes.fr/,http://mastergeotech.info/,,,,,,,,,,,,,,,,,,,,,,,,,,,,,,,,,,,,,,
15.0830304,37.5078772,Catania,NUPHYS,,,,,,,,,,,,,,,,,,,,15.0830304,37.5078772,alojamientosv.us.es/nuphysjmd/,,,,,,,,,,,,,,,,,,,,NEW,,,,,,,,,,,,,,,,,,,
24.018,35.5138,Chania,EDAMUS,,,,,,,,,,,,,,,,,,,,24.018,35.5138,http://www.master-edamus.eu/,,,,,,,,,,,,,,,,,,,,DISCONTINUED,,,,,,,,,,,,,,,,,,,
80.233903,12.9908081,Chennai,EuroAquae+,,,,,,,,,,,,,,,,,,,,80.233903,12.9908081,http://master.euroaquae.eu/,,,,,,,,,,,,,,,,,,,,NEW,,,,,,,,,,,,,,,,,,,
-87.6297982,41.8781136,Chicago,WOP-P,,,,,,,,,,,,,,,,,,,,-87.6297982,41.8781136,https://www.erasmuswop.org,,,,,,,,,,,,,,,,,,,,NEW,,,,,,,,,,,,,,,,,,,
3.087025,45.777222,Clermont-Ferrand,GLODEP,,,,,,,,,,,,,,,,,,,,3.087025,45.777222,http://glodep.eu/,,,,,,,,,,,,,,,,,,,,NEW,,,,,,,,,,,,,,,,,,,
23.6236,46.7712,Cluj,MITRA,,,,,,,,,,,,,,,,,,,,23.6236,46.7712,http://mastermitra.univ-lille3.fr/,,,,,,,,,,,,,,,,,,,,DISCONTINUED,,,,,,,,,,,,,,,,,,,
-8.4404,40.2048,Coimbra,SUSCOS,TRIBOS,WOP-P,STEPS,IMAE,EUROPHILOSOPHIE,,,,,,,,,,,,,,,-8.4404,40.2048,http://steel.fsv.cvut.cz/suscos/,http://www.master-tribos.eu/,https://www.erasmuswop.org,http://emmcsteps.uniovi.es/,http://www.emmc-imae.org/,http://europhilomem.hypotheses.org/,,,,,,,,,,,,,,,DISCONTINUED,,NEW,,,DISCONTINUED,,,,,,,,,,,,,,
6.6424,36.3602,Constantine,EDAMUS,,,,,,,,,,,,,,,,,,,,6.6424,36.3602,http://www.master-edamus.eu/,,,,,,,,,,,,,,,,,,,,DISCONTINUED,,,,,,,,,,,,,,,,,,,
12.5683,55.6761,Copenhagen,4CITIES,SUFONAMA,,,,,,,,,,,,,,,,,,,12.5683,55.6761,http://www.4cities.eu/,http://sufonama.eu/,,,,,,,,,,,,,,,,,,,,DISCONTINUED,,,,,,,,,,,,,,,,,,
-8.4863,51.8969,Cork,MITRA,,,,,,,,,,,,,,,,,,,,-8.4863,51.8969,http://mastermitra.univ-lille3.fr/,,,,,,,,,,,,,,,,,,,,DISCONTINUED,,,,,,,,,,,,,,,,,,,
14.3328679,51.7563108,Cottbus,EuroAquae+,,,,,,,,,,,,,,,,,,,,14.3328679,51.7563108,http://master.euroaquae.eu/,,,,,,,,,,,,,,,,,,,,NEW,,,,,,,,,,,,,,,,,,,
-0.6087411,52.0686347,Cranfield,SPACEMASTER,,,,,,,,,,,,,,,,,,,,-0.6087411,52.0686347,http://www.spacemaster.eu/,,,,,,,,,,,,,,,,,,,,,,,,,,,,,,,,,,,,,,,
-17.3660286,14.7645042,Dakar,CLE,MITRA,,,,,,,,,,,,,,,,,,,-17.3660286,14.7645042,http://www.cle.unibo.it/site/,http://mastermitra.univ-lille3.fr/,,,,,,,,,,,,,,,,,,,,DISCONTINUED,,,,,,,,,,,,,,,,,,
8.6511929,49.8728253,Darmstadt,MUNDUS URBANO,FAME,,,,,,,,,,,,,,,,,,,8.6511929,49.8728253,http://www.mundus-urbano.eu/,http://www.fame-master.com/,,,,,,,,,,,,,,,,,,,,DISCONTINUED,,,,,,,,,,,,,,,,,,
21.6273,47.5316,Debrecen,EM-SANF,,,,,,,,,,,,,,,,,,,,21.6273,47.5316,http://www.emsanf.eu/UK/,,,,,,,,,,,,,,,,,,,,DISCONTINUED,,,,,,,,,,,,,,,,,,,
4.3570677,52.0115769,Delft,GroundwatCH,EWEM,CoMEM,,,,,,,,,,,,,,,,,,4.3570677,52.0115769,http://www.groundwatermaster.eu/,http://www.windenergymaster.eu/,http://www.ntnu.edu/studies/mscomem,,,,,,,,,,,,,,,,,,,DISCONTINUED,,,,,,,,,,,,,,,,,,
5.04148,47.322047,Dijon,MAIA,,,,,,,,,,,,,,,,,,,,5.04148,47.322047,http://www.maiamaster.org/,,,,,,,,,,,,,,,,,,,,,,,,,,,,,,,,,,,,,,,
13.7372621,51.0504088,Dresden,CARTO,EMM-Nano,GroundwatCH,,,,,,,,,,,,,,,,,,13.7372621,51.0504088,http://www.cartographymaster.eu/,http://www.emm-nano.org/,http://www.groundwatermaster.eu/,,,,,,,,,,,,,,,,,,,,,,,,,,,,,,,,,,,,,
10.0471549,5.4459387,Dschang,TROPIMUNDO,,,,,,,,,,,,,,,,,,,,10.0471549,5.4459387,http://www.tropimundo.eu/,,,,,,,,,,,,,,,,,,,,,,,,,,,,,,,,,,,,,,,
-6.2676448,53.3386609,Dublin,FIPDes,VufindR,IMSISS,,,,,,,,,,,,,,,,,,-6.2676448,53.3386609,http://www.fipdes.eu/,http://www.viewfinder-ma.eu/,http://www.gla.ac.uk/postgraduate/erasmusmundus/imsiss/,,,,,,,,,,,,,,,,,,NEW,NEW,NEW,,,,,,,,,,,,,,,,,
-3.1883,55.9533,Edinburgh,IDOH,SSI,KINOEYES | KEM,MSPME,ChIR,IMIM,IMFSE,,,,,,,,,,,,,,-3.1883,55.9533,http://infectious-diseases-one-health.eu/#services-tou,http://ssi-master.eu/,http://www.kinoeyes.eu/,http://www.mspme.org/,http://www.emmcchir.org/,http://www.imim.polimi.it/,http://www.imfse.ugent.be/,,,,,,,,,,,,,,NEW,,,DISCONTINUED,,,,,,,,,,,,,,,,
5.490714,51.4486098,Einhoven,BDMA,,,,,,,,,,,,,,,,,,,,5.490714,51.4486098,http://bdma.univ-tours.fr/bdma/,,,,,,,,,,,,,,,,,,,,NEW,,,,,,,,,,,,,,,,,,,
6.8936619,52.2215372,Enschede,CARTO,,,,,,,,,,,,,,,,,,,,6.8936619,52.2215372,http://www.cartographymaster.eu/,,,,,,,,,,,,,,,,,,,,,,,,,,,,,,,,,,,,,,,
-7.9093074,38.5707119,Evora,ARCHMAT,TPTI,,,,,,,,,,,,,,,,,,,-7.9093074,38.5707119,http://www.erasmusmundus-archmat.uevora.pt/,http://www.tpti.eu/,,,,,,,,,,,,,,,,,,,,DISCONTINUED,,,,,,,,,,,,,,,,,,
-7.9374948,37.0103271,Faro,ChIR,WACOMA,EMQAL,EMECC NURSING,,,,,,,,,,,,,,,,,-7.9374948,37.0103271,http://www.emmcchir.org/,"http://erasmusmundus.uca.es/en/content,3,erasmus-mundus",http://www.emqal.org/,http://masternursing.uniovi.es/,,,,,,,,,,,,,,,,,,DISCONTINUED,,DISCONTINUED,,,,,,,,,,,,,,,,
11.619787,44.8381237,Ferrara,IMQP,,,,,,,,,,,,,,,,,,,,11.619787,44.8381237,https://sites.google.com/a/unife.it/quaternary-prehistory/,,,,,,,,,,,,,,,,,,,,,,,,,,,,,,,,,,,,,,,
11.2558136,43.7695604,Florence,TROPIMUNDO,,,,,,,,,,,,,,,,,,,,11.2558136,43.7695604,http://www.tropimundo.eu/,,,,,,,,,,,,,,,,,,,,,,,,,,,,,,,,,,,,,,,
13.341727,50.9128283,Freiberg,EMERALD,,,,,,,,,,,,,,,,,,,,13.341727,50.9128283,http://em-georesources.eu/,,,,,,,,,,,,,,,,,,,,,,,,,,,,,,,,,,,,,,,
7.8421043,47.9990077,Freiburg,MScEF,,,,,,,,,,,,,,,,,,,,7.8421043,47.9990077,http://www.uef.fi/en/web/mdp-europeanforestry,,,,,,,,,,,,,,,,,,,,NEW,,,,,,,,,,,,,,,,,,,
28.0079945,45.4353208,Galati,EMSHIP,,,,,,,,,,,,,,,,,,,,28.0079945,45.4353208,http://www.emship.eu/,,,,,,,,,,,,,,,,,,,,,,,,,,,,,,,,,,,,,,,
-9.0567905,53.270668,Galway,IMBRSea,,,,,,,,,,,,,,,,,,,,-9.0567905,53.270668,http://www.imbrsea.eu/,,,,,,,,,,,,,,,,,,,,NEW,,,,,,,,,,,,,,,,,,,
18.6466384,54.3520252,Gdansk,EMQAL,MATHMODS,,,,,,,,,,,,,,,,,,,18.6466384,54.3520252,http://www.emqal.org/,http://www.mathmods.eu/,,,,,,,,,,,,,,,,,,,,,,,,,,,,,,,,,,,,,,
7.9666942,49.9864335,Geisenheim,VINIFERA,,,,,,,,,,,,,,,,,,,,7.9666942,49.9864335,http://vinifera-euromaster.eu/,,,,,,,,,,,,,,,,,,,,,,,,,,,,,,,,,,,,,,,
8.946256,44.4056499,Genova,EMARO+,SERP+,EMSHIP,,,,,,,,,,,,,,,,,,8.946256,44.4056499,http://emaro.irccyn.ec-nantes.fr/,http://www.master-serp.eu/,http://www.emship.eu/,,,,,,,,,,,,,,,,,,,NEW,,,,,,,,,,,,,,,,,,
3.7174243,51.0543422,Ghent,BIFTEC,IMRD,IMBRSea,IMFSE,,,,,,,,,,,,,,,,,3.7174243,51.0543422,http://www.fet.kuleuven.be/biftec,http://www.imrd.ugent.be/,http://www.imbrsea.eu/,http://www.imfse.ugent.be/,,,,,,,,,,,,,,,,,,,NEW,,,,,,,,,,,,,,,,,
8.6784031,50.5840512,Giessen,EUCOMOR,,,,,,,,,,,,,,,,,,,,8.6784031,50.5840512,http://www.eucomor.net/,,,,,,,,,,,,,,,,,,,,,,,,,,,,,,,,,,,,,,,
2.8214264,41.9794005,Girona,EMTM,MAIA,,,,,,,,,,,,,,,,,,,2.8214264,41.9794005,http://www.emtmmaster.net/,http://www.maiamaster.org/,,,,,,,,,,,,,,,,,,,,,,,,,,,,,,,,,,,,,,
31.2088526,30.0130557,Giza,EU4M - EMMC,,,,,,,,,,,,,,,,,,,,31.2088526,30.0130557,http://www.eu4m.eu/,,,,,,,,,,,,,,,,,,,,,,,,,,,,,,,,,,,,,,,
10.6916303,60.7954302,Gjovik,COSI,,,,,,,,,,,,,,,,,,,,10.6916303,60.7954302,http://www.master-colorscience.eu/,,,,,,,,,,,,,,,,,,,,,,,,,,,,,,,,,,,,,,,
-4.251806,55.864237,Glasgow,IMRCEES,IMSISS,IMAESC,GLOCAL,,,,,,,,,,,,,,,,,-4.251806,55.864237,http://www.gla.ac.uk/postgraduate/erasmusmundus/imrcees/,http://www.gla.ac.uk/postgraduate/erasmusmundus/imsiss/,http://www.gla.ac.uk/postgraduate/erasmusmundus/imaesc/,http://www.gla.ac.uk/postgraduate/erasmusmundus/glocal/,,,,,,,,,,,,,,,,,,NEW,,NEW,,,,,,,,,,,,,,,,
11.97456,57.70887,Gothenburg,EMM-Nano,EM HRPP,MFAMILY,,,,,,,,,,,,,,,,,,11.97456,57.70887,http://www.emm-nano.org/,http://ws1.roehampton.ac.uk/admissions/erasmusmundus/hrp/index.html,http://www.mfamily.eu/,,,,,,,,,,,,,,,,,,,,,,,,,,,,,,,,,,,,,
9.9158,51.5413,Göttingen,EUROCULTURE,NEURASMUS,GLOCAL,ASTROMUNDUS,SUFONAMA,PlantHealth,,,,,,,,,,,,,,,9.9158,51.5413,https://www.euroculturemaster.eu/,www.neurasmus.u-bordeaux2.fr,http://www.gla.ac.uk/postgraduate/erasmusmundus/glocal/,http://www.astromundus.eu/,http://sufonama.eu/,http://planthealth.upv.es/,,,,,,,,,,,,,,,DISCONTINUED,NEW,NEW,,DISCONTINUED,,,,,,,,,,,,,,,
-3.5986,37.1773,Granada,COSI,EPH+,GEMMA,,,,,,,,,,,,,,,,,,-3.5986,37.1773,http://www.master-colorscience.eu/,http://www.europubhealth.org/,http://masteres.ugr.es/gemma/,,,,,,,,,,,,,,,,,,,NEW,DISCONTINUED,,,,,,,,,,,,,,,,,
5.7245,45.1885,Grenoble,MEEES,MUNDUS URBANO,EMM-Nano,FAME,,,,,,,,,,,,,,,,,5.7245,45.1885,http://www.meees.org/,http://www.mundus-urbano.eu/,http://www.emm-nano.org/,http://www.fame-master.com/,,,,,,,,,,,,,,,,,,,,DISCONTINUED,,,,,,,,,,,,,,,,
6.5665,53.2194,Groningen,EMCL+,TCCM,EUROCULTURE,IMIM Med,LCT,MEME,,,,,,,,,,,,,,,6.5665,53.2194,http://emcl.eu/,http://www.emtccm.org/,https://www.euroculturemaster.eu/,http://www.innovativemedicine.eu/,http://www.lct-master.org/,http://www.evobio.eu/,,,,,,,,,,,,,,,NEW,,DISCONTINUED,,,,,,,,,,,,,,,,,
-80.2481666,43.5448048,Guelph,WOP-P,,,,,,,,,,,,,,,,,,,,-80.2481666,43.5448048,https://www.erasmuswop.org,,,,,,,,,,,,,,,,,,,,NEW,,,,,,,,,,,,,,,,,,,
34.989571,32.7940463,Haifa,EMLE,,,,,,,,,,,,,,,,,,,,34.989571,32.7940463,http://www.emle.org/,,,,,,,,,,,,,,,,,,,,,,,,,,,,,,,,,,,,,,,
9.9936818,53.5510846,Hamburg,MUNDUS JOURNALISM,EMLE,MATHMODS,,,,,,,,,,,,,,,,,,9.9936818,53.5510846,http://www.mundusjournalism.com/,http://www.emle.org/,http://www.mathmods.eu/,,,,,,,,,,,,,,,,,,,,,,,,,,,,,,,,,,,,,
8.6724335,49.3987524,Heidelberg,IMIM Med,,,,,,,,,,,,,,,,,,,,8.6724335,49.3987524,http://www.innovativemedicine.eu/,,,,,,,,,,,,,,,,,,,,,,,,,,,,,,,,,,,,,,,
24.938379,60.1698557,Helsinki,ASC,SPACEMASTER,EMECC NURSING,,,,,,,,,,,,,,,,,,24.938379,60.1698557,http://www.master-asc.org/,http://www.spacemaster.eu/,http://masternursing.uniovi.es/,,,,,,,,,,,,,,,,,,,,DISCONTINUED,,,,,,,,,,,,,,,,,
113.794504,34.7813236,Henan,EuroAquae+,,,,,,,,,,,,,,,,,,,,113.794504,34.7813236,http://master.euroaquae.eu/,,,,,,,,,,,,,,,,,,,,NEW,,,,,,,,,,,,,,,,,,,
25.1442126,35.3387352,Heraklion,ACES,,,,,,,,,,,,,,,,,,,,25.1442126,35.3387352,http://www.sams.ac.uk/aces-erasmus,,,,,,,,,,,,,,,,,,,,,,,,,,,,,,,,,,,,,,,
9.9579652,52.154778,Hildesheim,EMLex,,,,,,,,,,,,,,,,,,,,9.9579652,52.154778,http://www.emlex.phil.uni-erlangen.de/,,,,,,,,,,,,,,,,,,,,,,,,,,,,,,,,,,,,,,,
118.7568,32.054174,Hohai,EuroAquae+,,,,,,,,,,,,,,,,,,,,118.7568,32.054174,http://master.euroaquae.eu/,,,,,,,,,,,,,,,,,,,,NEW,,,,,,,,,,,,,,,,,,,
114.109497,22.396428,Hong Kong,Media AC,,,,,,,,,,,,,,,,,,,,114.109497,22.396428,http://www.mediaartscultures.eu/,,,,,,,,,,,,,,,,,,,,,,,,,,,,,,,,,,,,,,,
-0.3367,53.7457,Hull,GEMMA,,,,,,,,,,,,,,,,,,,,-0.3367,53.7457,http://masteres.ugr.es/gemma/,,,,,,,,,,,,,,,,,,,,DISCONTINUED,,,,,,,,,,,,,,,,,,,
126.63281,37.3750804,Incheon,EuroAquae+,,,,,,,,,,,,,,,,,,,,126.63281,37.3750804,http://master.euroaquae.eu/,,,,,,,,,,,,,,,,,,,,NEW,,,,,,,,,,,,,,,,,,,
-86.1581,39.7684,Indianapolis,EUROCULTURE,,,,,,,,,,,,,,,,,,,,-86.1581,39.7684,https://www.euroculturemaster.eu/,,,,,,,,,,,,,,,,,,,,DISCONTINUED,,,,,,,,,,,,,,,,,,,
11.4041024,47.2692124,Innsbruck,ASTROMUNDUS,,,,,,,,,,,,,,,,,,,,11.4041024,47.2692124,http://www.astromundus.eu/,,,,,,,,,,,,,,,,,,,,,,,,,,,,,,,,,,,,,,,
28.9783589,41.0082376,Istanbul,G-MINDES,,,,,,,,,,,,,,,,,,,,28.9783589,41.0082376,http://global-minds.eu/,,,,,,,,,,,,,,,,,,,,NEW,,,,,,,,,,,,,,,,,,,
40.9766453,57.0050671,Ivanovo,EU4M - EMMC,,,,,,,,,,,,,,,,,,,,40.9766453,57.0050671,http://www.eu4m.eu/,,,,,,,,,,,,,,,,,,,,,,,,,,,,,,,,,,,,,,,
29.7635719,62.6010155,Joensuu,COSI,EMCL+,MScEF,,,,,,,,,,,,,,,,,,29.7635719,62.6010155,http://www.master-colorscience.eu/,http://emcl.eu/,http://www.uef.fi/en/web/mdp-europeanforestry,,,,,,,,,,,,,,,,,,,NEW,NEW,,,,,,,,,,,,,,,,,
28.0473051,-26.2041028,Johannesburg,EPOG,ESTeDe,,,,,,,,,,,,,,,,,,,28.0473051,-26.2041028,http://www.epog.eu/,http://www.em-stede.eu/,,,,,,,,,,,,,,,,,,,,NEW,,,,,,,,,,,,,,,,,,
7.7491265,49.4400657,Kaiserslautern,EMSE,EMECS,,,,,,,,,,,,,,,,,,,7.7491265,49.4400657,http://em-se.eu/,http://www.emecs.eu/,,,,,,,,,,,,,,,,,,,,,,,,,,,,,,,,,,,,,,
32.5825197,0.3475964,Kampala,MFAMILY,,,,,,,,,,,,,,,,,,,,32.5825197,0.3475964,http://www.mfamily.eu/,,,,,,,,,,,,,,,,,,,,,,,,,,,,,,,,,,,,,,,
15.5869,56.1612,Karlskrona,PLANET Europe,,,,,,,,,,,,,,,,,,,,15.5869,56.1612,http://www.planet-europe.eu/,,,,,,,,,,,,,,,,,,,,DISCONTINUED,,,,,,,,,,,,,,,,,,,
8.4036527,49.0068901,Karlsruhe,EU4M - EMMC,EUROPHOTONICS,,,,,,,,,,,,,,,,,,,8.4036527,49.0068901,http://www.eu4m.eu/,http://www.europhotonics.org/wordpress/,,,,,,,,,,,,,,,,,,,,,,,,,,,,,,,,,,,,,,
19.0237815,50.2648919,Katowice,EMLex,,,,,,,,,,,,,,,,,,,,19.0237815,50.2648919,http://www.emlex.phil.uni-erlangen.de/,,,,,,,,,,,,,,,,,,,,,,,,,,,,,,,,,,,,,,,
10.1227652,54.3232927,Kiel,IMAE,,,,,,,,,,,,,,,,,,,,10.1227652,54.3232927,http://www.emmc-imae.org/,,,,,,,,,,,,,,,,,,,,,,,,,,,,,,,,,,,,,,,
30.5234,50.4501,Kiev,IMRCEES,,,,,,,,,,,,,,,,,,,,30.5234,50.4501,http://www.gla.ac.uk/postgraduate/erasmusmundus/imrcees/,,,,,,,,,,,,,,,,,,,,,,,,,,,,,,,,,,,,,,,
-0.300689,51.41233,Kingston,EPOG,,,,,,,,,,,,,,,,,,,,-0.300689,51.41233,http://www.epog.eu/,,,,,,,,,,,,,,,,,,,,,,,,,,,,,,,,,,,,,,,
9.4730519,55.495973,Kolding,EMTM,,,,,,,,,,,,,,,,,,,,9.4730519,55.495973,http://www.emtmmaster.net/,,,,,,,,,,,,,,,,,,,,,,,,,,,,,,,,,,,,,,,
12.4949,55.7635,Kongens Lyngby,EWEM,,,,,,,,,,,,,,,,,,,,12.4949,55.7635,http://www.windenergymaster.eu/,,,,,,,,,,,,,,,,,,,,DISCONTINUED,,,,,,,,,,,,,,,,,,,
19.9449799,50.0646501,Krakow,EUROCULTURE,IMRCEES,EPH+,ASC,,,,,,,,,,,,,,,,,19.9449799,50.0646501,https://www.euroculturemaster.eu/,http://www.gla.ac.uk/postgraduate/erasmusmundus/imrcees/,http://www.europubhealth.org/,http://www.master-asc.org/,,,,,,,,,,,,,,,,,DISCONTINUED,,NEW,,,,,,,,,,,,,,,,,
15.6038,48.41,Krems an der Donau,MARIHE,Media AC,,,,,,,,,,,,,,,,,,,15.6038,48.41,http://www.marihe.eu/,http://www.mediaartscultures.eu/,,,,,,,,,,,,,,,,,,,DISCONTINUED,,,,,,,,,,,,,,,,,,,
103.1370142,5.329624,Kuala Terengganu,TROPIMUNDO,,,,,,,,,,,,,,,,,,,,103.1370142,5.329624,http://www.tropimundo.eu/,,,,,,,,,,,,,,,,,,,,,,,,,,,,,,,,,,,,,,,
13.3995091,42.3498479,L'Aquila,MATHMODS,,,,,,,,,,,,,,,,,,,,13.3995091,42.3498479,http://www.mathmods.eu/,,,,,,,,,,,,,,,,,,,,,,,,,,,,,,,,,,,,,,,
28.1896628,61.0549929,Lappeenranta,PERCCOM,,,,,,,,,,,,,,,,,,,,28.1896628,61.0549929,http://perccom.univ-lorraine.fr/,,,,,,,,,,,,,,,,,,,,,,,,,,,,,,,,,,,,,,,
6.56675,46.5190557,Lausanne,EuroAquae+,,,,,,,,,,,,,,,,,,,,6.56675,46.5190557,http://master.euroaquae.eu/,,,,,,,,,,,,,,,,,,,,NEW,,,,,,,,,,,,,,,,,,,
-1.5490774,53.8007554,Leeds,TRIBOS,,,,,,,,,,,,,,,,,,,,-1.5490774,53.8007554,http://www.master-tribos.eu/,,,,,,,,,,,,,,,,,,,,,,,,,,,,,,,,,,,,,,,
-2.990057,43.3267036,Leioa,MEREMMC,,,,,,,,,,,,,,,,,,,,-2.990057,43.3267036,http://www.merconsortium.eu/,,,,,,,,,,,,,,,,,,,,,,,,,,,,,,,,,,,,,,,
12.3730747,51.3396955,Leipzig,ASC,EMGS,,,,,,,,,,,,,,,,,,,12.3730747,51.3396955,http://www.master-asc.org/,http://www.globalstudies-masters.info/,,,,,,,,,,,,,,,,,,,,,,,,,,,,,,,,,,,,,,
4.7005,50.8798,Leuven,TCCM,MAISI,FAME,EUROPHILOSOPHIE,EMPHID,MITRA,ESTeDe,EMM-Nano,PIONEER,,,,,,,,,,,,4.7005,50.8798,http://www.emtccm.org/,http://www.maisi-project.eu/,http://www.fame-master.com/,http://europhilomem.hypotheses.org/,http://www.pubhealthdisasters.eu/,http://mastermitra.univ-lille3.fr/,http://www.em-stede.eu/,http://www.emm-nano.org/,http://pioneer-master.eu/,,,,,,,,,,,,,NEW,DISCONTINUED,DISCONTINUED,,DISCONTINUED,NEW,,NEW,,,,,,,,,,,
5.5591,50.5831,Liège,SUSCOS,MEREMMC,FAME,EMERALD,EMSHIP,,,,,,,,,,,,,,,,5.5591,50.5831,http://steel.fsv.cvut.cz/suscos/,http://www.merconsortium.eu/,http://www.fame-master.com/,http://em-georesources.eu/,http://www.emship.eu/,,,,,,,,,,,,,,,,DISCONTINUED,,DISCONTINUED,,,,,,,,,,,,,,,,,
3.057256,50.62925,Lille,MITRA,ASC,MEGEI,,,,,,,,,,,,,,,,,,3.057256,50.62925,http://mastermitra.univ-lille3.fr/,http://www.master-asc.org/,http://www.ua.ac.be/egei,,,,,,,,,,,,,,,,,,DISCONTINUED,,,,,,,,,,,,,,,,,,,
-8.6304975,52.6680204,Limerick,G-MINDES,,,,,,,,,,,,,,,,,,,,-8.6304975,52.6680204,http://global-minds.eu/,,,,,,,,,,,,,,,,,,,,NEW,,,,,,,,,,,,,,,,,,,
-0.540579,53.230688,Lincoln,ADVANCES,,,,,,,,,,,,,,,,,,,,-0.540579,53.230688,http://www.socialworkadvances.org/,,,,,,,,,,,,,,,,,,,,,,,,,,,,,,,,,,,,,,,
-9.1393366,38.7222524,Lisbon,CWCN,ADVANCES,EM3E4SW,EMSD,G-MINDES,GeoTech,GroundwatCH,KINOEYES | KEM,MEDfOR,MFAMILY,VINIFERA,,,,,,,,,,-9.1393366,38.7222524,http://www.munduscrossways.eu/,http://www.socialworkadvances.org/,http://em3e-4sw.eu/em3e/index.php,http://www.europeansystemdynamics.eu/,http://global-minds.eu/,http://mastergeotech.info/,http://www.groundwatermaster.eu/,http://www.kinoeyes.eu/,http://www.medfor.eu/,http://www.mfamily.eu/,http://vinifera-euromaster.eu/,,,,,,,,,,DISCONTINUED,,NEW,,NEW,,,,DISCONTINUED,,,,,,,,,,,
14.5057515,46.0569465,Ljubljana,EMTM,CoDe,TRIBOS,,,,,,,,,,,,,,,,,,14.5057515,46.0569465,http://www.emtmmaster.net/,http://www.erasmusmundus-code.eu/,http://www.master-tribos.eu/,,,,,,,,,,,,,,,,,,,,,,,,,,,,,,,,,,,,,
0.62,41.6176,Lleida,MEDfOR,MScEF,,,,,,,,,,,,,,,,,,,0.62,41.6176,http://www.medfor.eu/,http://www.uef.fi/en/web/mdp-europeanforestry,,,,,,,,,,,,,,,,,,,DISCONTINUED,NEW,,,,,,,,,,,,,,,,,,
19.4559833,51.7592485,Lodz,Media AC,GEMMA,,,,,,,,,,,,,,,,,,,19.4559833,51.7592485,http://www.mediaartscultures.eu/,http://masteres.ugr.es/gemma/,,,,,,,,,,,,,,,,,,,,DISCONTINUED,,,,,,,,,,,,,,,,,,
1.0105289,47.5532402,Loire Valley,IDOH,,,,,,,,,,,,,,,,,,,,1.0105289,47.5532402,http://infectious-diseases-one-health.eu/#services-tou,,,,,,,,,,,,,,,,,,,,NEW,,,,,,,,,,,,,,,,,,,
-0.1277583,51.5073509,London,MUNDUS JOURNALISM,EM HRPP,CoMEM,EUPADRA,EMGS,,,,,,,,,,,,,,,,-0.1277583,51.5073509,http://www.mundusjournalism.com/,http://ws1.roehampton.ac.uk/admissions/erasmusmundus/hrp/index.html,http://www.ntnu.edu/studies/mscomem,http://eupadra.eu/,http://www.globalstudies-masters.info/,,,,,,,,,,,,,,,,,,,,,,,,,,,,,,,,,,,
22.1567,65.5848,Lulea,AMASE,PERCCOM,SPACEMASTER,SUSCOS,TRIBOS,,,,,,,,,,,,,,,,22.1567,65.5848,http://www.amase-master.net/,http://perccom.univ-lorraine.fr/,http://www.spacemaster.eu/,http://steel.fsv.cvut.cz/suscos/,http://www.master-tribos.eu/,,,,,,,,,,,,,,,,,,,DISCONTINUED,,,,,,,,,,,,,,,,
13.1910073,55.7046601,Lund,IMFSE,FIPDes,,,,,,,,,,,,,,,,,,,13.1910073,55.7046601,http://www.imfse.ugent.be/,http://www.fipdes.eu/,,,,,,,,,,,,,,,,,,,,NEW,,,,,,,,,,,,,,,,,,
4.835659,45.764043,Lyon,ATOSIM,EACH,LIVE,,,,,,,,,,,,,,,,,,4.835659,45.764043,http://www.erasmusmundus-atosim.cecam.org/,http://www.analyticalchemistry.eu/,http://live.univ-lyon1.fr/,,,,,,,,,,,,,,,,,,DISCONTINUED,,,,,,,,,,,,,,,,,,,
5.6909725,50.8513682,Maastricht,EPH+,,,,,,,,,,,,,,,,,,,,5.6909725,50.8513682,http://www.europubhealth.org/,,,,,,,,,,,,,,,,,,,,NEW,,,,,,,,,,,,,,,,,,,
-3.7037902,40.4167754,Madrid,VINIFERA,EMSE,4CITIES,IMIM,NUPHYS,EUPADRA,MONABIP,TCCM,ME3,,,,,,,,,,,,-3.7037902,40.4167754,http://vinifera-euromaster.eu/,http://em-se.eu/,http://www.4cities.eu/,http://www.imim.polimi.it/,alojamientosv.us.es/nuphysjmd/,http://eupadra.eu/,http://www.monabiphot.ens-cachan.fr/,http://www.emtccm.org/,http://www.emn.fr/z-de/me3-site/,,,,,,,,,,,,,,,,NEW,,,,,,,,,,,,,,,
8.2472526,49.9928617,Mainz,MAISI,,,,,,,,,,,,,,,,,,,,8.2472526,49.9928617,http://www.maisi-project.eu/,,,,,,,,,,,,,,,,,,,,NEW,,,,,,,,,,,,,,,,,,,
8.4660395,49.4874592,Mannheim,EMLex,,,,,,,,,,,,,,,,,,,,8.4660395,49.4874592,http://www.emlex.phil.uni-erlangen.de/,,,,,,,,,,,,,,,,,,,,,,,,,,,,,,,,,,,,,,,
5.36978,43.296482,Marseille,EUROPHOTONICS,,,,,,,,,,,,,,,,,,,,5.36978,43.296482,http://www.europhotonics.org/wordpress/,,,,,,,,,,,,,,,,,,,,,,,,,,,,,,,,,,,,,,,
-80.6081089,28.0836269,Melbourne,WOP-P,,,,,,,,,,,,,,,,,,,,-80.6081089,28.0836269,https://www.erasmuswop.org,,,,,,,,,,,,,,,,,,,,NEW,,,,,,,,,,,,,,,,,,,
-90.049,35.1495,Memphis,EUROPHILOSOPHIE,,,,,,,,,,,,,,,,,,,,-90.049,35.1495,http://europhilomem.hypotheses.org/,,,,,,,,,,,,,,,,,,,,DISCONTINUED,,,,,,,,,,,,,,,,,,,
-102.5528,23.6345,Mexico City,EUROCULTURE,EuroAquae+,,,,,,,,,,,,,,,,,,,-102.5528,23.6345,https://www.euroculturemaster.eu/,http://master.euroaquae.eu/,,,,,,,,,,,,,,,,,,,DISCONTINUED,NEW,,,,,,,,,,,,,,,,,,
9.1859,45.4654,Milan,MSPME,IMIM,,,,,,,,,,,,,,,,,,,9.1859,45.4654,http://www.mspme.org/,http://www.imim.polimi.it/,,,,,,,,,,,,,,,,,,,DISCONTINUED,,,,,,,,,,,,,,,,,,,
3.8767,43.6108,Montpellier,PlantHealth,EM3E4SW,VINIFERA,MIM,EDAMUS,MAMASELF,MEME,,,,,,,,,,,,,,3.8767,43.6108,http://planthealth.upv.es/,http://em3e-4sw.eu/em3e/index.php,http://vinifera-euromaster.eu/,http://www.mastermimplus.eu/,http://www.master-edamus.eu/,https://www.mamaself.eu/,http://www.evobio.eu/,,,,,,,,,,,,,,,NEW,,,DISCONTINUED,NEW,,,,,,,,,,,,,,
14.4868883,35.8956388,Msida,LCT,IMAESC,GLOBED,,,,,,,,,,,,,,,,,,14.4868883,35.8956388,http://www.lct-master.org/,http://www.gla.ac.uk/postgraduate/erasmusmundus/imaesc/,http://globed.eu/,,,,,,,,,,,,,,,,,,,,,,,,,,,,,,,,,,,,,
7.335888,47.750839,Mulhouse,CLE,,,,,,,,,,,,,,,,,,,,7.335888,47.750839,http://www.cle.unibo.it/site/,,,,,,,,,,,,,,,,,,,,,,,,,,,,,,,,,,,,,,,
72.8776559,19.0759837,Mumbai,EMLE,,,,,,,,,,,,,,,,,,,,72.8776559,19.0759837,http://www.emle.org/,,,,,,,,,,,,,,,,,,,,,,,,,,,,,,,,,,,,,,,
11.5819806,48.1351253,Munich,MEME,IMIM,CARTO,MAMASELF,,,,,,,,,,,,,,,,,11.5819806,48.1351253,http://www.evobio.eu/,http://www.imim.polimi.it/,http://www.cartographymaster.eu/,https://www.mamaself.eu/,,,,,,,,,,,,,,,,,,,,NEW,,,,,,,,,,,,,,,,
7.6261347,51.9606649,Münster,PIONEER,GeoTech,,,,,,,,,,,,,,,,,,,7.6261347,51.9606649,http://pioneer-master.eu/,http://mastergeotech.info/,,,,,,,,,,,,,,,,,,,NEW,,,,,,,,,,,,,,,,,,,
6.184417,48.692054,Nancy,PERCCOM,AMASE,EMERALD,LCT,EMLex,,,,,,,,,,,,,,,,6.184417,48.692054,http://perccom.univ-lorraine.fr/,http://www.amase-master.net/,http://em-georesources.eu/,http://www.lct-master.org/,http://www.emlex.phil.uni-erlangen.de/,,,,,,,,,,,,,,,,,,,,,,,,,,,,,,,,,,,
-1.553621,47.218371,Nantes,ME3,ACES,EMARO+,MCM,EMSHIP,,,,,,,,,,,,,,,,-1.553621,47.218371,http://www.emn.fr/z-de/me3-site/,http://www.sams.ac.uk/aces-erasmus,http://emaro.irccyn.ec-nantes.fr/,http://www.cimne.com/cm-master/,http://www.emship.eu/,,,,,,,,,,,,,,,,,,,,,,,,,,,,,,,,,,,
14.257805,40.845492,Napoli,FIPDes,EUCOMOR,SUSCOS,Dyclam,,,,,,,,,,,,,,,,,14.257805,40.845492,http://www.fipdes.eu/,http://www.eucomor.net/,http://steel.fsv.cvut.cz/suscos/,http://www.dyclam.eu/fr/,,,,,,,,,,,,,,,,,NEW,,DISCONTINUED,,,,,,,,,,,,,,,,,
-74.4518,40.4862,New Brunswick,GEMMA,,,,,,,,,,,,,,,,,,,,-74.4518,40.4862,http://masteres.ugr.es/gemma/,,,,,,,,,,,,,,,,,,,,DISCONTINUED,,,,,,,,,,,,,,,,,,,
-1.61778,54.978252,Newcastle,EuroAquae+,,,,,,,,,,,,,,,,,,,,-1.61778,54.978252,http://master.euroaquae.eu/,,,,,,,,,,,,,,,,,,,,NEW,,,,,,,,,,,,,,,,,,,
7.2619532,43.7101728,Nice,MATHMODS,EuroAquae+,,,,,,,,,,,,,,,,,,,7.2619532,43.7101728,http://www.mathmods.eu/,http://master.euroaquae.eu/,,,,,,,,,,,,,,,,,,,,NEW,,,,,,,,,,,,,,,,,,
5.8372,51.8126,Nijmegen,EMSD,PLANET Europe,,,,,,,,,,,,,,,,,,,5.8372,51.8126,http://www.europeansystemdynamics.eu/,http://www.planet-europe.eu/,,,,,,,,,,,,,,,,,,,,DISCONTINUED,,,,,,,,,,,,,,,,,,
121.544,29.8683,Ningbo,WACOMA,,,,,,,,,,,,,,,,,,,,121.544,29.8683,"http://erasmusmundus.uca.es/en/content,3,erasmus-mundus",,,,,,,,,,,,,,,,,,,,DISCONTINUED,,,,,,,,,,,,,,,,,,,
18.076376,48.3061414,Nitra,IMRD,,,,,,,,,,,,,,,,,,,,18.076376,48.3061414,http://www.imrd.ugent.be/,,,,,,,,,,,,,,,,,,,,,,,,,,,,,,,,,,,,,,,
43.9360589,56.2965039,Nizhni Novgorod,IMRCEES,,,,,,,,,,,,,,,,,,,,43.9360589,56.2965039,http://www.gla.ac.uk/postgraduate/erasmusmundus/imrcees/,,,,,,,,,,,,,,,,,,,,,,,,,,,,,,,,,,,,,,,
1.297355,52.6308859,Norwich,IMAE,,,,,,,,,,,,,,,,,,,,1.297355,52.6308859,http://www.emmc-imae.org/,,,,,,,,,,,,,,,,,,,,,,,,,,,,,,,,,,,,,,,
-1.1581086,52.9547832,Nottingham,STEPS,,,,,,,,,,,,,,,,,,,,-1.1581086,52.9547832,http://emmcsteps.uniovi.es/,,,,,,,,,,,,,,,,,,,,,,,,,,,,,,,,,,,,,,,
-5.471047,56.415157,Oban,ACES,,,,,,,,,,,,,,,,,,,,-5.471047,56.415157,http://www.sams.ac.uk/aces-erasmus,,,,,,,,,,,,,,,,,,,,,,,,,,,,,,,,,,,,,,,
8.2146,53.1435,Oldenburg,EWEM,,,,,,,,,,,,,,,,,,,,8.2146,53.1435,http://www.windenergymaster.eu/,,,,,,,,,,,,,,,,,,,,DISCONTINUED,,,,,,,,,,,,,,,,,,,
17.2508787,49.593778,Olomouc,EUROCULTURE,GLODEP,,,,,,,,,,,,,,,,,,,17.2508787,49.593778,https://www.euroculturemaster.eu/,http://glodep.eu/,,,,,,,,,,,,,,,,,,,DISCONTINUED,NEW,,,,,,,,,,,,,,,,,,
135.5022,34.6937,Osaka,EUROCULTURE,,,,,,,,,,,,,,,,,,,,135.5022,34.6937,https://www.euroculturemaster.eu/,,,,,,,,,,,,,,,,,,,,DISCONTINUED,,,,,,,,,,,,,,,,,,,
10.7522454,59.9138688,Oslo,G-MINDES,GLOBED,,,,,,,,,,,,,,,,,,,10.7522454,59.9138688,http://global-minds.eu/,http://globed.eu/,,,,,,,,,,,,,,,,,,,NEW,,,,,,,,,,,,,,,,,,,
8.0472,52.2799,Osnabrück,MARIHE,,,,,,,,,,,,,,,,,,,,8.0472,52.2799,http://www.marihe.eu/,,,,,,,,,,,,,,,,,,,,DISCONTINUED,,,,,,,,,,,,,,,,,,,
-1.5196603,12.3714277,Ouagadougou,ESTeDe,,,,,,,,,,,,,,,,,,,,-1.5196603,12.3714277,http://www.em-stede.eu/,,,,,,,,,,,,,,,,,,,,NEW,,,,,,,,,,,,,,,,,,,
25.4650773,65.0120888,Oulu,EMSE,,,,,,,,,,,,,,,,,,,,25.4650773,65.0120888,http://em-se.eu/,,,,,,,,,,,,,,,,,,,,,,,,,,,,,,,,,,,,,,,
-5.8494,43.3619,Oviedo,IMBRSea,STEPS,EMPHID,EMECC NURSING,EU4M - EMMC,GEMMA,,,,,,,,,,,,,,,-5.8494,43.3619,http://www.imbrsea.eu/,http://emmcsteps.uniovi.es/,http://www.pubhealthdisasters.eu/,http://masternursing.uniovi.es/,http://www.eu4m.eu/,http://masteres.ugr.es/gemma/,,,,,,,,,,,,,,,NEW,,,DISCONTINUED,,DISCONTINUED,,,,,,,,,,,,,,
11.8767611,45.4064349,Padova,MEDfOR,ESTeDe,TPTI,PlantHealth,SUFONAMA,NUPHYS,ASTROMUNDUS,,,,,,,,,,,,,,11.8767611,45.4064349,http://www.medfor.eu/,http://www.em-stede.eu/,http://www.tpti.eu/,http://planthealth.upv.es/,http://sufonama.eu/,alojamientosv.us.es/nuphysjmd/,http://www.astromundus.eu/,,,,,,,,,,,,,,DISCONTINUED,NEW,DISCONTINUED,,DISCONTINUED,NEW,,,,,,,,,,,,,,
13.3612671,38.1156879,Palermo,EMSD,,,,,,,,,,,,,,,,,,,,13.3612671,38.1156879,http://www.europeansystemdynamics.eu/,,,,,,,,,,,,,,,,,,,,,,,,,,,,,,,,,,,,,,,
2.347657,48.8397733,Paris,SERP+,FIPDes,ADVANCES,IMBRSea,IMQP,TROPIMUNDO,TPTI,ESTeDe,EPOG,EPH+,Dyclam,QEM,PlantHealth,MONABIP,MScEF,NANOMED,,,,,2.347657,48.8397733,http://www.master-serp.eu/,http://www.fipdes.eu/,http://www.socialworkadvances.org/,http://www.imbrsea.eu/,https://sites.google.com/a/unife.it/quaternary-prehistory/,http://www.tropimundo.eu/,http://www.tpti.eu/,http://www.em-stede.eu/,http://www.epog.eu/,http://www.europubhealth.org/,http://www.dyclam.eu/fr/,http://erasmusmundus-qem.univ-paris1.fr/,http://planthealth.upv.es/,http://www.monabiphot.ens-cachan.fr/,http://www.uef.fi/en/web/mdp-europeanforestry,http://master-nanomed.eu/,,,,,NEW,NEW,,NEW,,,DISCONTINUED,NEW,,NEW,,,,,NEW,NEW,,,,
21.734574,38.2466395,Patras,NANOMED,MEEES,,,,,,,,,,,,,,,,,,,21.734574,38.2466395,http://master-nanomed.eu/,http://www.meees.org/,,,,,,,,,,,,,,,,,,,NEW,,,,,,,,,,,,,,,,,,,
9.1582069,45.1847248,Pavia,MEEES,NANOMED,GLODEP,,,,,,,,,,,,,,,,,,9.1582069,45.1847248,http://www.meees.org/,http://master-nanomed.eu/,http://glodep.eu/,,,,,,,,,,,,,,,,,,,NEW,NEW,,,,,,,,,,,,,,,,,
22.37349,37.5079472,Peloponnese,MAISI,,,,,,,,,,,,,,,,,,,,22.37349,37.5079472,http://www.maisi-project.eu/,,,,,,,,,,,,,,,,,,,,NEW,,,,,,,,,,,,,,,,,,,
2.8948,42.6887,Perpignan,CWCN,,,,,,,,,,,,,,,,,,,,2.8948,42.6887,http://www.munduscrossways.eu/,,,,,,,,,,,,,,,,,,,,DISCONTINUED,,,,,,,,,,,,,,,,,,,
12.3908279,43.1107168,Perugia,TCCM,,,,,,,,,,,,,,,,,,,,12.3908279,43.1107168,http://www.emtccm.org/,,,,,,,,,,,,,,,,,,,,,,,,,,,,,,,,,,,,,,,
10.4016888,43.7228386,Pisa,IMRD,,,,,,,,,,,,,,,,,,,,10.4016888,43.7228386,http://www.imrd.ugent.be/,,,,,,,,,,,,,,,,,,,,,,,,,,,,,,,,,,,,,,,
0.340375,46.580224,Poitiers,IMAE,,,,,,,,,,,,,,,,,,,,0.340375,46.580224,http://www.emmc-imae.org/,,,,,,,,,,,,,,,,,,,,,,,,,,,,,,,,,,,,,,,
-25.6805868,37.7428301,Ponta Delgada,EMMCMSP,,,,,,,,,,,,,,,,,,,,-25.6805868,37.7428301,http://www.iuav.it/Didattica1/master/master---I1/Erasmus-Mu/,,,,,,,,,,,,,,,,,,,,,,,,,,,,,,,,,,,,,,,
-8.6291053,41.1579438,Porto,BIFTEC,MEDfOR,SERP+,TCCM,,,,,,,,,,,,,,,,,-8.6291053,41.1579438,http://www.fet.kuleuven.be/biftec,http://www.medfor.eu/,http://www.master-serp.eu/,http://www.emtccm.org/,,,,,,,,,,,,,,,,,,DISCONTINUED,NEW,,,,,,,,,,,,,,,,,
-51.2176584,-30.0346471,Porto Alegre,IMAE,,,,,,,,,,,,,,,,,,,,-51.2176584,-30.0346471,http://www.emmc-imae.org/,,,,,,,,,,,,,,,,,,,,,,,,,,,,,,,,,,,,,,,
15.8055,40.6464,Potenza,EDAMUS,,,,,,,,,,,,,,,,,,,,15.8055,40.6464,http://www.master-edamus.eu/,,,,,,,,,,,,,,,,,,,,DISCONTINUED,,,,,,,,,,,,,,,,,,,
13.0644729,52.3905689,Potsdam,MEEES,EMCL+,,,,,,,,,,,,,,,,,,,13.0644729,52.3905689,http://www.meees.org/,http://emcl.eu/,,,,,,,,,,,,,,,,,,,,NEW,,,,,,,,,,,,,,,,,,
16.9251681,52.406374,Poznań,EUCOMOR,SERP+,CWCN,,,,,,,,,,,,,,,,,,16.9251681,52.406374,http://www.eucomor.net/,http://www.master-serp.eu/,http://www.munduscrossways.eu/,,,,,,,,,,,,,,,,,,,NEW,DISCONTINUED,,,,,,,,,,,,,,,,,
14.4378,50.0755,Prague,EM3E4SW,SUSCOS,MAISI,LCT,IMSISS,EUROPHILOSOPHIE,MEGEI,SPACEMASTER,,,,,,,,,,,,,14.4378,50.0755,http://em3e-4sw.eu/em3e/index.php,http://steel.fsv.cvut.cz/suscos/,http://www.maisi-project.eu/,http://www.lct-master.org/,http://www.gla.ac.uk/postgraduate/erasmusmundus/imsiss/,http://europhilomem.hypotheses.org/,http://www.ua.ac.be/egei,http://www.spacemaster.eu/,,,,,,,,,,,,,NEW,DISCONTINUED,NEW,,NEW,DISCONTINUED,,,,,,,,,,,,,,
73.8567,18.5204,Pune,EUROCULTURE,,,,,,,,,,,,,,,,,,,,73.8567,18.5204,https://www.euroculturemaster.eu/,,,,,,,,,,,,,,,,,,,,DISCONTINUED,,,,,,,,,,,,,,,,,,,
-71.2079809,46.8138783,Québec,NEURASMUS,,,,,,,,,,,,,,,,,,,,-71.2079809,46.8138783,www.neurasmus.u-bordeaux2.fr,,,,,,,,,,,,,,,,,,,,NEW,,,,,,,,,,,,,,,,,,,
12.1016236,49.0134297,Regensburg,IMSISS,CoDe,,,,,,,,,,,,,,,,,,,12.1016236,49.0134297,http://www.gla.ac.uk/postgraduate/erasmusmundus/imsiss/,http://www.erasmusmundus-code.eu/,,,,,,,,,,,,,,,,,,,NEW,,,,,,,,,,,,,,,,,,,
-1.6777926,48.117266,Rennes,MAMASELF,IMRD,EPH+,PlantHealth,,,,,,,,,,,,,,,,,-1.6777926,48.117266,https://www.mamaself.eu/,http://www.imrd.ugent.be/,http://www.europubhealth.org/,http://planthealth.upv.es/,,,,,,,,,,,,,,,,,NEW,,NEW,,,,,,,,,,,,,,,,,
-43.17536,-22.9541412,Rio de Janeiro,EuroAquae+,MITRA,,,,,,,,,,,,,,,,,,,-43.17536,-22.9541412,http://master.euroaquae.eu/,http://mastermitra.univ-lille3.fr/,,,,,,,,,,,,,,,,,,,NEW,DISCONTINUED,,,,,,,,,,,,,,,,,,
12.4963655,41.9027835,Rome,EMLex,ATOSIM,ARCHMAT,STEPS,EUPADRA,MUNDUS URBANO,,,,,,,,,,,,,,,12.4963655,41.9027835,http://www.emlex.phil.uni-erlangen.de/,http://www.erasmusmundus-atosim.cecam.org/,http://www.erasmusmundus-archmat.uevora.pt/,http://emmcsteps.uniovi.es/,http://eupadra.eu/,http://www.mundus-urbano.eu/,,,,,,,,,,,,,,,,DISCONTINUED,,,,,,,,,,,,,,,,,,
12.087845,55.64191,Roskilde,EMGS,,,,,,,,,,,,,,,,,,,,12.087845,55.64191,http://www.globalstudies-masters.info/,,,,,,,,,,,,,,,,,,,,,,,,,,,,,,,,,,,,,,,
12.0991466,54.0924406,Rostock,EMSHIP,,,,,,,,,,,,,,,,,,,,12.0991466,54.0924406,http://www.emship.eu/,,,,,,,,,,,,,,,,,,,,,,,,,,,,,,,,,,,,,,,
4.4777325,51.9244201,Rotterdam,EMLE,GLOCAL,,,,,,,,,,,,,,,,,,,4.4777325,51.9244201,http://www.emle.org/,http://www.gla.ac.uk/postgraduate/erasmusmundus/glocal/,,,,,,,,,,,,,,,,,,,,NEW,,,,,,,,,,,,,,,,,,
6.9969327,49.2401572,Saarbrücken,LCT,AMASE,,,,,,,,,,,,,,,,,,,6.9969327,49.2401572,http://www.lct-master.org/,http://www.amase-master.net/,,,,,,,,,,,,,,,,,,,,,,,,,,,,,,,,,,,,,,
4.3871779,45.439695,Saint-Etienne,Dyclam,COSI,,,,,,,,,,,,,,,,,,,4.3871779,45.439695,http://www.dyclam.eu/fr/,http://www.master-colorscience.eu/,,,,,,,,,,,,,,,,,,,,,,,,,,,,,,,,,,,,,,
59.9342802,30.3350986,Saint Petersburg,WACOMA,PERCCOM,,,,,,,,,,,,,,,,,,,59.9342802,30.3350986,"http://erasmusmundus.uca.es/en/content,3,erasmus-mundus",http://perccom.univ-lorraine.fr/,,,,,,,,,,,,,,,,,,,DISCONTINUED,,,,,,,,,,,,,,,,,,,
-5.6635397,40.9701039,Salamanca,NUPHYS,,,,,,,,,,,,,,,,,,,,-5.6635397,40.9701039,alojamientosv.us.es/nuphysjmd/,,,,,,,,,,,,,,,,,,,,NEW,,,,,,,,,,,,,,,,,,,
13.05501,47.80949,Salzburg,DCLead,,,,,,,,,,,,,,,,,,,,13.05501,47.80949,http://www.dclead.eu/,,,,,,,,,,,,,,,,,,,,,,,,,,,,,,,,,,,,,,,
-66.1057355,18.4655394,San Juan,WOP-P,,,,,,,,,,,,,,,,,,,,-66.1057355,18.4655394,https://www.erasmuswop.org,,,,,,,,,,,,,,,,,,,,NEW,,,,,,,,,,,,,,,,,,,
-1.9812313,43.318334,San Sebastian,LCT,,,,,,,,,,,,,,,,,,,,-1.9812313,43.318334,http://www.lct-master.org/,,,,,,,,,,,,,,,,,,,,,,,,,,,,,,,,,,,,,,,
-3.8099803,43.4623057,Santander,MEGEI,,,,,,,,,,,,,,,,,,,,-3.8099803,43.4623057,http://www.ua.ac.be/egei,,,,,,,,,,,,,,,,,,,,,,,,,,,,,,,,,,,,,,,
-8.686,39.2367,Santarém,EMECC NURSING,,,,,,,,,,,,,,,,,,,,-8.686,39.2367,http://masternursing.uniovi.es/,,,,,,,,,,,,,,,,,,,,DISCONTINUED,,,,,,,,,,,,,,,,,,,
-8.5448445,42.8782132,Santiago de Compostela,EMLex,CWCN,,,,,,,,,,,,,,,,,,,-8.5448445,42.8782132,http://www.emlex.phil.uni-erlangen.de/,http://www.munduscrossways.eu/,,,,,,,,,,,,,,,,,,,,DISCONTINUED,,,,,,,,,,,,,,,,,,
-46.330376,-23.944841,Santos,WACOMA,,,,,,,,,,,,,,,,,,,,-46.330376,-23.944841,"http://erasmusmundus.uca.es/en/content,3,erasmus-mundus",,,,,,,,,,,,,,,,,,,,DISCONTINUED,,,,,,,,,,,,,,,,,,,
-47.8909,-22.0087,Sao Carlos,EUROPHILOSOPHIE,,,,,,,,,,,,,,,,,,,,-47.8909,-22.0087,http://europhilomem.hypotheses.org/,,,,,,,,,,,,,,,,,,,,DISCONTINUED,,,,,,,,,,,,,,,,,,,
-5.9844589,37.3890924,Seville,EMMCMSP,NUPHYS,,,,,,,,,,,,,,,,,,,-5.9844589,37.3890924,http://www.iuav.it/Didattica1/master/master---I1/Erasmus-Mu/,alojamientosv.us.es/nuphysjmd/,,,,,,,,,,,,,,,,,,,,NEW,,,,,,,,,,,,,,,,,,
-1.4701,53.3811,Sheffield,CWCN,EPH+,,,,,,,,,,,,,,,,,,,-1.4701,53.3811,http://www.munduscrossways.eu/,http://www.europubhealth.org/,,,,,,,,,,,,,,,,,,,DISCONTINUED,NEW,,,,,,,,,,,,,,,,,,
103.77639,1.2966426,Singapure,EuroAquae+,,,,,,,,,,,,,,,,,,,,103.77639,1.2966426,http://master.euroaquae.eu/,,,,,,,,,,,,,,,,,,,,NEW,,,,,,,,,,,,,,,,,,,
18.0084334,59.3688791,Solna,EMPHID,,,,,,,,,,,,,,,,,,,,18.0084334,59.3688791,http://www.pubhealthdisasters.eu/,,,,,,,,,,,,,,,,,,,,,,,,,,,,,,,,,,,,,,,
-1.4043509,50.9097004,Southampton,EMECS,MEREMMC,CoMEM,,,,,,,,,,,,,,,,,,-1.4043509,50.9097004,http://www.emecs.eu/,http://www.merconsortium.eu/,http://www.ntnu.edu/studies/mscomem,,,,,,,,,,,,,,,,,,,,,,,,,,,,,,,,,,,,,
-2.7967,56.3398,St. Andrews,CWCN,,,,,,,,,,,,,,,,,,,,-2.7967,56.3398,http://www.munduscrossways.eu/,,,,,,,,,,,,,,,,,,,,DISCONTINUED,,,,,,,,,,,,,,,,,,,
5.7331073,58.9699756,Stavanger,MFAMILY,,,,,,,,,,,,,,,,,,,,5.7331073,58.9699756,http://www.mfamily.eu/,,,,,,,,,,,,,,,,,,,,,,,,,,,,,,,,,,,,,,,
18.860152,-33.9321045,Stellenbosch,EMLex,,,,,,,,,,,,,,,,,,,,18.860152,-33.9321045,http://www.emlex.phil.uni-erlangen.de/,,,,,,,,,,,,,,,,,,,,,,,,,,,,,,,,,,,,,,,
18.0685808,59.3293235,Stockholm,ME3,,,,,,,,,,,,,,,,,,,,18.0685808,59.3293235,http://www.emn.fr/z-de/me3-site/,,,,,,,,,,,,,,,,,,,,,,,,,,,,,,,,,,,,,,,
-2.179404,53.002668,Stoke-on-Trent,MEGEI,,,,,,,,,,,,,,,,,,,,-2.179404,53.002668,http://www.ua.ac.be/egei,,,,,,,,,,,,,,,,,,,,,,,,,,,,,,,,,,,,,,,
7.7521,48.5734,Strasbourg,CLE,EUROCULTURE,,,,,,,,,,,,,,,,,,,7.7521,48.5734,http://www.cle.unibo.it/site/,https://www.euroculturemaster.eu/,,,,,,,,,,,,,,,,,,,,DISCONTINUED,,,,,,,,,,,,,,,,,,
9.1829321,48.7758459,Stuttgart,Dyclam,MCM,,,,,,,,,,,,,,,,,,,9.1829321,48.7758459,http://www.dyclam.eu/fr/,http://www.cimne.com/cm-master/,,,,,,,,,,,,,,,,,,,,,,,,,,,,,,,,,,,,,,
-3.943646,51.62144,Swansea,MUNDUS JOURNALISM,MCM,MAISI,,,,,,,,,,,,,,,,,,-3.943646,51.62144,http://www.mundusjournalism.com/,http://www.cimne.com/cm-master/,http://www.maisi-project.eu/,,,,,,,,,,,,,,,,,,,,NEW,,,,,,,,,,,,,,,,,
14.5528116,53.4285438,Szczecin,EMSHIP,,,,,,,,,,,,,,,,,,,,14.5528116,53.4285438,http://www.emship.eu/,,,,,,,,,,,,,,,,,,,,,,,,,,,,,,,,,,,,,,,
24.7535746,59.4369608,Tallin,PIONEER,VufindR,,,,,,,,,,,,,,,,,,,24.7535746,59.4369608,http://pioneer-master.eu/,http://www.viewfinder-ma.eu/,,,,,,,,,,,,,,,,,,,NEW,NEW,,,,,,,,,,,,,,,,,,
24.7535746,59.4369608,Tallinn,KINOEYES | KEM,IMAESC,,,,,,,,,,,,,,,,,,,24.7535746,59.4369608,http://www.kinoeyes.eu/,http://www.gla.ac.uk/postgraduate/erasmusmundus/imaesc/,,,,,,,,,,,,,,,,,,,,,,,,,,,,,,,,,,,,,,
23.761,61.4978,Tampere,MARIHE,,,,,,,,,,,,,,,,,,,,23.761,61.4978,http://www.marihe.eu/,,,,,,,,,,,,,,,,,,,,DISCONTINUED,,,,,,,,,,,,,,,,,,,
1.2444909,41.1188827,Tarragona,IMQP,WINTOUR,,,,,,,,,,,,,,,,,,,1.2444909,41.1188827,https://sites.google.com/a/unife.it/quaternary-prehistory/,http://www.wintour-master.eu/en_index/,,,,,,,,,,,,,,,,,,,,,,,,,,,,,,,,,,,,,,
26.7290063,58.3776252,Tartu,IMRCEES,EACH,,,,,,,,,,,,,,,,,,,26.7290063,58.3776252,http://www.gla.ac.uk/postgraduate/erasmusmundus/imrcees/,http://www.analyticalchemistry.eu/,,,,,,,,,,,,,,,,,,,,,,,,,,,,,,,,,,,,,,
4.3007,52.0705,The Hague,MUNDUS MAPP,,,,,,,,,,,,,,,,,,,,4.3007,52.0705,http://www.mundusmapp.org/,,,,,,,,,,,,,,,,,,,,DISCONTINUED,,,,,,,,,,,,,,,,,,,
22.9444191,40.6400629,Thessaloniki,ARCHMAT,CLE,,,,,,,,,,,,,,,,,,,22.9444191,40.6400629,http://www.erasmusmundus-archmat.uevora.pt/,http://www.cle.unibo.it/site/,,,,,,,,,,,,,,,,,,,,,,,,,,,,,,,,,,,,,,
21.2087,45.7489,Timisoara,SUSCOS,,,,,,,,,,,,,,,,,,,,21.2087,45.7489,http://steel.fsv.cvut.cz/suscos/,,,,,,,,,,,,,,,,,,,,DISCONTINUED,,,,,,,,,,,,,,,,,,,
139.6917,35.6895,Tokyo,EUROPHILOSOPHIE,,,,,,,,,,,,,,,,,,,,139.6917,35.6895,http://europhilomem.hypotheses.org/,,,,,,,,,,,,,,,,,,,,DISCONTINUED,,,,,,,,,,,,,,,,,,,
-8.4042526,39.6052067,Tomar,IMQP,Dyclam,,,,,,,,,,,,,,,,,,,-8.4042526,39.6052067,https://sites.google.com/a/unife.it/quaternary-prehistory/,http://www.dyclam.eu/fr/,,,,,,,,,,,,,,,,,,,,,,,,,,,,,,,,,,,,,,
7.6868565,45.070312,Torino,MAMASELF,,,,,,,,,,,,,,,,,,,,7.6868565,45.070312,https://www.mamaself.eu/,,,,,,,,,,,,,,,,,,,,NEW,,,,,,,,,,,,,,,,,,,
1.4442,43.6047,Toulouse,EM3E4SW,EM-SANF,SPACEMASTER,TCCM,EUROPHILOSOPHIE,,,,,,,,,,,,,,,,1.4442,43.6047,http://em3e-4sw.eu/em3e/index.php,http://www.emsanf.eu/UK/,http://www.spacemaster.eu/,http://www.emtccm.org/,http://europhilomem.hypotheses.org/,,,,,,,,,,,,,,,,NEW,DISCONTINUED,,,DISCONTINUED,,,,,,,,,,,,,,,
0.6738728,47.3838055,Tours cedex 1,BDMA,,,,,,,,,,,,,,,,,,,,0.6738728,47.3838055,http://bdma.univ-tours.fr/bdma/,,,,,,,,,,,,,,,,,,,,NEW,,,,,,,,,,,,,,,,,,,
39.7168,41.0027,Trabzon,MEDfOR,,,,,,,,,,,,,,,,,,,,39.7168,41.0027,http://www.medfor.eu/,,,,,,,,,,,,,,,,,,,,DISCONTINUED,,,,,,,,,,,,,,,,,,,
11.1217486,46.0747793,Trento,LCT,CoDe,,,,,,,,,,,,,,,,,,,11.1217486,46.0747793,http://www.lct-master.org/,http://www.erasmusmundus-code.eu/,,,,,,,,,,,,,,,,,,,,,,,,,,,,,,,,,,,,,,
10.3950528,63.4305149,Trondheim,EWEM,CoMEM,,,,,,,,,,,,,,,,,,,10.3950528,63.4305149,http://www.windenergymaster.eu/,http://www.ntnu.edu/studies/mscomem,,,,,,,,,,,,,,,,,,,DISCONTINUED,,,,,,,,,,,,,,,,,,,
7.6868565,45.070312,Turin,VINIFERA,EPOG,,,,,,,,,,,,,,,,,,,7.6868565,45.070312,http://vinifera-euromaster.eu/,http://www.epog.eu/,,,,,,,,,,,,,,,,,,,,,,,,,,,,,,,,,,,,,,
22.2666303,60.4518126,Turku,EACH,,,,,,,,,,,,,,,,,,,,22.2666303,60.4518126,http://www.analyticalchemistry.eu/,,,,,,,,,,,,,,,,,,,,,,,,,,,,,,,,,,,,,,,
5.1376647,52.0638598,Twente,EM3E4SW,,,,,,,,,,,,,,,,,,,,5.1376647,52.0638598,http://em3e-4sw.eu/em3e/index.php,,,,,,,,,,,,,,,,,,,,NEW,,,,,,,,,,,,,,,,,,,
13.2345794,46.0710668,Udine,EUROCULTURE,VINIFERA,,,,,,,,,,,,,,,,,,,13.2345794,46.0710668,https://www.euroculturemaster.eu/,http://vinifera-euromaster.eu/,,,,,,,,,,,,,,,,,,,DISCONTINUED,,,,,,,,,,,,,,,,,,,
20.263,63.8258,Umea,MSPME,,,,,,,,,,,,,,,,,,,,20.263,63.8258,http://www.mspme.org/,,,,,,,,,,,,,,,,,,,,DISCONTINUED,,,,,,,,,,,,,,,,,,,
17.6389,59.8586,Uppsala,IMIM Med,MEME,EUROCULTURE,EACH,,,,,,,,,,,,,,,,,17.6389,59.8586,http://www.innovativemedicine.eu/,http://www.evobio.eu/,https://www.euroculturemaster.eu/,http://www.analyticalchemistry.eu/,,,,,,,,,,,,,,,,,,,DISCONTINUED,,,,,,,,,,,,,,,,,
5.1214,52.0907,Utrecht,GEMMA,,,,,,,,,,,,,,,,,,,,5.1214,52.0907,http://masteres.ugr.es/gemma/,,,,,,,,,,,,,,,,,,,,DISCONTINUED,,,,,,,,,,,,,,,,,,,
-0.3762881,39.4699075,Valencia,PlantHealth,WOP-P,TCCM,,,,,,,,,,,,,,,,,,-0.3762881,39.4699075,http://planthealth.upv.es/,https://www.erasmuswop.org,http://www.emtccm.org/,,,,,,,,,,,,,,,,,,,NEW,,,,,,,,,,,,,,,,,,
-4.7245,41.6523,Valladolid,MEDfOR,,,,,,,,,,,,,,,,,,,,-4.7245,41.6523,http://www.medfor.eu/,,,,,,,,,,,,,,,,,,,,DISCONTINUED,,,,,,,,,,,,,,,,,,,
12.3155151,45.4408474,Venice,MIM,QEM,EMMCMSP,,,,,,,,,,,,,,,,,,12.3155151,45.4408474,http://www.mastermimplus.eu/,http://erasmusmundus-qem.univ-paris1.fr/,http://www.iuav.it/Didattica1/master/master---I1/Erasmus-Mu/,,,,,,,,,,,,,,,,,,,,,,,,,,,,,,,,,,,,,
10.1144355,59.1707862,Vestfold,SSI,,,,,,,,,,,,,,,,,,,,10.1144355,59.1707862,http://ssi-master.eu/,,,,,,,,,,,,,,,,,,,,,,,,,,,,,,,,,,,,,,,
16.3738189,48.2081743,Vienna,EMLE,CARTO,4CITIES,EUCOMOR,EMGS,MScEF,,,,,,,,,,,,,,,16.3738189,48.2081743,http://www.emle.org/,http://www.cartographymaster.eu/,http://www.4cities.eu/,http://www.eucomor.net/,http://www.globalstudies-masters.info/,http://www.uef.fi/en/web/mdp-europeanforestry,,,,,,,,,,,,,,,,,,,,NEW,,,,,,,,,,,,,,
-7.7422354,41.3010351,Vila Rea,IMQP,,,,,,,,,,,,,,,,,,,,-7.7422354,41.3010351,https://sites.google.com/a/unife.it/quaternary-prehistory/,,,,,,,,,,,,,,,,,,,,,,,,,,,,,,,,,,,,,,,
25.2796514,54.6871555,Vilnius,EUROPHOTONICS,,,,,,,,,,,,,,,,,,,,25.2796514,54.6871555,http://www.europhotonics.org/wordpress/,,,,,,,,,,,,,,,,,,,,,,,,,,,,,,,,,,,,,,,
12.1077,42.4207,Viterbo,MEDfOR,,,,,,,,,,,,,,,,,,,,12.1077,42.4207,http://www.medfor.eu/,,,,,,,,,,,,,,,,,,,,DISCONTINUED,,,,,,,,,,,,,,,,,,,
5.6654,51.9692,Wageningen,EM-SANF,,,,,,,,,,,,,,,,,,,,5.6654,51.9692,http://www.emsanf.eu/UK/,,,,,,,,,,,,,,,,,,,,DISCONTINUED,,,,,,,,,,,,,,,,,,,
21.0122287,52.2296756,Warsaw,ADVANCES,EMLE,EuroAquae+,G-MINDES,EMARO+,,,,,,,,,,,,,,,,21.0122287,52.2296756,http://www.socialworkadvances.org/,http://www.emle.org/,http://master.euroaquae.eu/,http://global-minds.eu/,http://emaro.irccyn.ec-nantes.fr/,,,,,,,,,,,,,,,,,,NEW,NEW,,,,,,,,,,,,,,,,
17.0385376,51.1078852,Wroclaw,EMGS,MONABIP,,,,,,,,,,,,,,,,,,,17.0385376,51.1078852,http://www.globalstudies-masters.info/,http://www.monabiphot.ens-cachan.fr/,,,,,,,,,,,,,,,,,,,,,,,,,,,,,,,,,,,,,,
7.1508,51.2562,Wuppertal,EUROPHILOSOPHIE,,,,,,,,,,,,,,,,,,,,7.1508,51.2562,http://europhilomem.hypotheses.org/,,,,,,,,,,,,,,,,,,,,DISCONTINUED,,,,,,,,,,,,,,,,,,,
9.9533548,49.7913044,Würzburg,SPACEMASTER,,,,,,,,,,,,,,,,,,,,9.9533548,49.7913044,http://www.spacemaster.eu/,,,,,,,,,,,,,,,,,,,,,,,,,,,,,,,,,,,,,,,
-1.0873,53.96,York,MUNDUS MAPP,,,,,,,,,,,,,,,,,,,,-1.0873,53.96,http://www.mundusmapp.org/,,,,,,,,,,,,,,,,,,,,DISCONTINUED,,,,,,,,,,,,,,,,,,,
-0.8897421,41.6488696,Zaragoza,EM3E4SW,EDAMUS,,,,,,,,,,,,,,,,,,,-0.8897421,41.6488696,http://em3e-4sw.eu/em3e/index.php,http://www.master-edamus.eu/,,,,,,,,,,,,,,,,,,,NEW,DISCONTINUED,,,,,,,,,,,,,,,,,,
