"","CITY","COURSE1","COURSE2","COURSE3","COURSE4","COURSE5","COURSE6","COURSE7","COURSE8","COURSE9","COURSE10","COURSE11","COURSE12","COURSE13","COURSE14","COURSE15","COURSE16","COURSE17","COURSE18","COURSE19","COURSE20","LON","LAT","WEBSITE1","WEBSITE2","WEBSITE3","WEBSITE4","WEBSITE5","WEBSITE6","WEBSITE7","WEBSITE8","WEBSITE9","WEBSITE10","WEBSITE11","WEBSITE12","WEBSITE13","WEBSITE14","WEBSITE15","WEBSITE16","WEBSITE17","WEBSITE18","WEBSITE19","WEBSITE20","STATUS1","STATUS2","STATUS3","STATUS4","STATUS5","STATUS6","STATUS7","STATUS8","STATUS9","STATUS10","STATUS11","STATUS12","STATUS13","STATUS14","STATUS15","STATUS16","STATUS17","STATUS18","STATUS19","STATUS20"
"1","Aalborg","ADVANCES","DCLead","Media AC","","","","","","","","","","","","","","","","","","9.921747","57.0488195","http://www.socialworkadvances.org/","http://www.dclead.eu/","http://www.mediaartscultures.eu/","","","","","","","","","","","","","","","","","","","","","","","","","","",NA,"","","","",NA,"",NA,NA,"",""
"2","Aarhus","EM-SANF","","","","","","","","","","","","","","","","","","","","10.2039","56.1629","http://www.emsanf.eu/UK/","","","","","","","","","","","","","","","","","","","","D/C","","","","","","","","",NA,"","","","",NA,"",NA,NA,"",""
"3","Aix-en-Provence","EMLE","","","","","","","","","","","","","","","","","","","","5.447427","43.529742","http://www.emle.org/","","","","","","","","","","","","","","","","","","","","","","","","","","","","",NA,"","","","",NA,"",NA,NA,"",""
"4","Algarve","IMBRSea","","","","","","","","","","","","","","","","","","","","-7.930834","37.0179538","http://www.imbrsea.eu/","","","","","","","","","","","","","","","","","","","","NEW","","","","","","","","",NA,"","","","",NA,"",NA,NA,"",""
"5","Almaty","IMRCEES","","","","","","","","","","","","","","","","","","","","76.8512485","43.2220146","http://www.gla.ac.uk/postgraduate/erasmusmundus/imrcees/","","","","","","","","","","","","","","","","","","","","","","","","","","","","",NA,"","","","",NA,"",NA,NA,"",""
"6","Alnarp","SUFONAMA","","","","","","","","","","","","","","","","","","","","13.0824","55.6576","http://sufonama.eu/","","","","","","","","","","","","","","","","","","","","D/C","","","","","","","","",NA,"","","","",NA,"",NA,NA,"",""
"7","Amsterdam","ATOSIM","ATOSIM","GLOBED","MUNDUS JOURNALISM","NEURASMUS","","","","","","","","","","","","","","","","4.8951679","52.3702157","http://www.erasmusmundus-atosim.cecam.org/","http://www.erasmusmundus-atosim.cecam.org/","http://globed.eu/","http://www.mundusjournalism.com/","www.neurasmus.u-bordeaux2.fr","","","","","","","","","","","","","","","","D/C","D/C","","","NEW","","","","",NA,"","","","",NA,"",NA,NA,"",""
"8","Ancona","IMBRSea","","","","","","","","","","","","","","","","","","","","13.518915","43.6158299","http://www.imbrsea.eu/","","","","","","","","","","","","","","","","","","","","NEW","","","","","","","","",NA,"","","","",NA,"",NA,NA,"",""
"9","Angers","NANOMED","","","","","","","","","","","","","","","","","","","","-0.563166","47.478419","http://master-nanomed.eu/","","","","","","","","","","","","","","","","","","","","NEW","","","","","","","","",NA,"","","","",NA,"",NA,NA,"",""
"10","Ankara","MEEES","","","","","","","","","","","","","","","","","","","","32.8597419","39.9333635","http://www.meees.org/","","","","","","","","","","","","","","","","","","","","","","","","","","","","",NA,"","","","",NA,"",NA,NA,"",""
"11","Antwerp","MEGEI","EUCOMOR","LIVE","","","","","","","","","","","","","","","","","","4.4024643","51.2194475","http://www.ua.ac.be/egei","http://www.eucomor.net/","http://live.univ-lyon1.fr/","","","","","","","","","","","","","","","","","","","","","","","","","","",NA,"","","","",NA,"",NA,NA,"",""
"12","Augsburg","FAME","","","","","","","","","","","","","","","","","","","","10.8978","48.3705","http://www.fame-master.com/","","","","","","","","","","","","","","","","","","","","D/C","","","","","","","","",NA,"","","","",NA,"",NA,NA,"",""
"13","Aveiro","FAME","","","","","","","","","","","","","","","","","","","","-8.6538","40.6405","http://www.fame-master.com/","","","","","","","","","","","","","","","","","","","","D/C","","","","","","","","",NA,"","","","",NA,"",NA,NA,"",""
"14","Baltimore","WOP-P","","","","","","","","","","","","","","","","","","","","-76.6121893","39.2903848","https://www.erasmuswop.org","","","","","","","","","","","","","","","","","","","","NEW","","","","","","","","",NA,"","","","",NA,"",NA,NA,"",""
"15","Bangor","SUFONAMA","","","","","","","","","","","","","","","","","","","","-4.1239","53.2274","http://sufonama.eu/","","","","","","","","","","","","","","","","","","","","D/C","","","","","","","","",NA,"","","","",NA,"",NA,NA,"",""
"16","Barcelona","MATHMODS","IDOH","LIVE","MIM","EUROPHOTONICS","GLOBED","QEM","MUNDUS MAPP","EUROPHOTONICS","MCM","BDMA","EUROPHOTONICS","AMASE","EuroAquae+","CoMEM","GLOCAL","EUROPHOTONICS","ChIR","NUPHYS","WOP-P","2.1734","41.3851","http://www.mathmods.eu/","http://infectious-diseases-one-health.eu/#services-tou","http://live.univ-lyon1.fr/","http://www.mastermimplus.eu/","http://www.europhotonics.org/wordpress/","http://globed.eu/","http://erasmusmundus-qem.univ-paris1.fr/","http://www.mundusmapp.org/","http://www.europhotonics.org/wordpress/","http://www.cimne.com/cm-master/","http://bdma.univ-tours.fr/bdma/","http://www.europhotonics.org/wordpress/","http://www.amase-master.net/","http://master.euroaquae.eu/","http://www.ntnu.edu/studies/mscomem","http://www.gla.ac.uk/postgraduate/erasmusmundus/glocal/","http://www.europhotonics.org/wordpress/","http://www.emmcchir.org/","alojamientosv.us.es/nuphysjmd/","https://www.erasmuswop.org","","NEW","","","","","","D/C","",NA,"NEW","","","NEW",NA,"NEW",NA,NA,"NEW","NEW"
"17","Bari","MEGEI","","","","","","","","","","","","","","","","","","","","16.8719083","41.1171488","http://www.ua.ac.be/egei","","","","","","","","","","","","","","","","","","","","","","","","","","","","",NA,"","","","",NA,"",NA,NA,"",""
"18","Beijing","MARIHE","","","","","","","","","","","","","","","","","","","","116.4074","39.9042","http://www.marihe.eu/","","","","","","","","","","","","","","","","","","","","D/C","","","","","","","","",NA,"","","","",NA,"",NA,NA,"",""
"19","Belfast","ME3","","","","","","","","","","","","","","","","","","","","-5.93012","54.597285","http://www.emn.fr/z-de/me3-site/","","","","","","","","","","","","","","","","","","","","","","","","","","","","",NA,"","","","",NA,"",NA,NA,"",""
"20","Belgrade","ASTROMUNDUS","","","","","","","","","","","","","","","","","","","","20.4489216","44.786568","http://www.astromundus.eu/","","","","","","","","","","","","","","","","","","","","","","","","","","","","",NA,"","","","",NA,"",NA,NA,"",""
"21","Bergamo","CWCN","","","","","","","","","","","","","","","","","","","","9.6773","45.6983","http://www.munduscrossways.eu/","","","","","","","","","","","","","","","","","","","","D/C","","","","","","","","",NA,"","","","",NA,"",NA,NA,"",""
"22","Bergen","EMSD","IMBRSea","EMQAL","","","","","","","","","","","","","","","","","","5.3220544","60.3912628","http://www.europeansystemdynamics.eu/","http://www.imbrsea.eu/","http://www.emqal.org/","","","","","","","","","","","","","","","","","","","NEW","","","","","","","",NA,"","","","",NA,"",NA,NA,"",""
"23","Berlin","EPOG","NEURASMUS","IMRD","","","","","","","","","","","","","","","","","","13.404954","52.5200066","http://www.epog.eu/","www.neurasmus.u-bordeaux2.fr","http://www.imrd.ugent.be/","","","","","","","","","","","","","","","","","","","NEW","","","","","","","",NA,"","","","",NA,"",NA,NA,"",""
"24","Bernburg","BIFTEC","","","","","","","","","","","","","","","","","","","","11.7537327","51.7833579","http://www.fet.kuleuven.be/biftec","","","","","","","","","","","","","","","","","","","","","","","","","","","","",NA,"","","","",NA,"",NA,NA,"",""
"25","Besançon","EU4M - EMMC","","","","","","","","","","","","","","","","","","","","6.0240539","47.237829","http://www.eu4m.eu/","","","","","","","","","","","","","","","","","","","","","","","","","","","","",NA,"","","","",NA,"",NA,NA,"",""
"26","Bielefeld","QEM","","","","","","","","","","","","","","","","","","","","8.5324708","52.0302285","http://erasmusmundus-qem.univ-paris1.fr/","","","","","","","","","","","","","","","","","","","","","","","","","","","","",NA,"","","","",NA,"",NA,NA,"",""
"27","Bilbao","EM HRPP","EUROCULTURE","IMBRSea","","","","","","","","","","","","","","","","","","-2.935","43.263","http://ws1.roehampton.ac.uk/admissions/erasmusmundus/hrp/index.html","https://www.euroculturemaster.eu/","http://www.imbrsea.eu/","","","","","","","","","","","","","","","","","","","D/C","NEW","","","","","","",NA,"","","","",NA,"",NA,NA,"",""
"28","Bologna","WOP-P","WACOMA","GEMMA","ASC","ChIR","EMLE","CLE","","","","","","","","","","","","","","11.3426","44.4949","https://www.erasmuswop.org","http://erasmusmundus.uca.es/en/content,3,erasmus-mundus","http://masteres.ugr.es/gemma/","http://www.master-asc.org/","http://www.emmcchir.org/","http://www.emle.org/","http://www.cle.unibo.it/site/","","","","","","","","","","","","","","NEW","D/C","D/C","","","","","","",NA,"","","","",NA,"",NA,NA,"",""
"29","Bolzano","EMSE","","","","","","","","","","","","","","","","","","","","11.3547582","46.4982953","http://em-se.eu/","","","","","","","","","","","","","","","","","","","","","","","","","","","","",NA,"","","","",NA,"",NA,NA,"",""
"30","Bonn","EUROPHILOSOPHIE","","","","","","","","","","","","","","","","","","","","7.0982","50.7374","http://europhilomem.hypotheses.org/","","","","","","","","","","","","","","","","","","","","D/C","","","","","","","","",NA,"","","","",NA,"",NA,NA,"",""
"31","Bordeaux","VINIFERA","NEURASMUS","MEREMMC","WINTOUR","FAME","","","","","","","","","","","","","","","","-0.5792","44.8378","http://vinifera-euromaster.eu/","www.neurasmus.u-bordeaux2.fr","http://www.merconsortium.eu/","http://www.wintour-master.eu/en_index/","http://www.fame-master.com/","","","","","","","","","","","","","","","","","NEW","","","D/C","","","","",NA,"","","","",NA,"",NA,NA,"",""
"32","Braga","EMLex","","","","","","","","","","","","","","","","","","","","-8.4265071","41.5454714","http://www.emlex.phil.uni-erlangen.de/","","","","","","","","","","","","","","","","","","","","","","","","","","","","",NA,"","","","",NA,"",NA,NA,"",""
"33","Brasilia","WOP-P","MEGEI","","","","","","","","","","","","","","","","","","","-47.8821658","-15.7942287","https://www.erasmuswop.org","http://www.ua.ac.be/egei","","","","","","","","","","","","","","","","","","","NEW","","","","","","","","",NA,"","","","",NA,"",NA,NA,"",""
"34","Brasov","MScEF","","","","","","","","","","","","","","","","","","","","25.6011977","45.6579755","http://www.uef.fi/en/web/mdp-europeanforestry","","","","","","","","","","","","","","","","","","","","NEW","","","","","","","","",NA,"","","","",NA,"",NA,NA,"",""
"35","Brisbane","TROPIMUNDO","","","","","","","","","","","","","","","","","","","","153.0251235","-27.4697707","http://www.tropimundo.eu/","","","","","","","","","","","","","","","","","","","","","","","","","","","","",NA,"","","","",NA,"",NA,NA,"",""
"36","Brussels","DCLead","4CITIES","BDMA","TROPIMUNDO","4CITIES","MEGEI","","","","","","","","","","","","","","","4.3517103","50.8503396","http://www.dclead.eu/","http://www.4cities.eu/","http://bdma.univ-tours.fr/bdma/","http://www.tropimundo.eu/","http://www.4cities.eu/","http://www.ua.ac.be/egei","","","","","","","","","","","","","","","","","NEW","","","","","","",NA,"","","","",NA,"",NA,NA,"",""
"37","Budapest","VufindR","SSI","ME3","GEMMA","MUNDUS MAPP","IMRCEES","CoDe","EMLex","","","","","","","","","","","","","19.0402","47.4979","http://www.viewfinder-ma.eu/","http://ssi-master.eu/","http://www.emn.fr/z-de/me3-site/","http://masteres.ugr.es/gemma/","http://www.mundusmapp.org/","http://www.gla.ac.uk/postgraduate/erasmusmundus/imrcees/","http://www.erasmusmundus-code.eu/","http://www.emlex.phil.uni-erlangen.de/","","","","","","","","","","","","","NEW","","","D/C","D/C","","","","",NA,"","","","",NA,"",NA,NA,"",""
"38","Cachan","MONABIP","","","","","","","","","","","","","","","","","","","","2.331433","48.791855","http://www.monabiphot.ens-cachan.fr/","","","","","","","","","","","","","","","","","","","","","","","","","","","","",NA,"","","","",NA,"",NA,NA,"",""
"39","Cadiz","WACOMA","EMQAL","","","","","","","","","","","","","","","","","","","-6.2886","36.5271","http://erasmusmundus.uca.es/en/content,3,erasmus-mundus","http://www.emqal.org/","","","","","","","","","","","","","","","","","","","D/C","","","","","","","","",NA,"","","","",NA,"",NA,NA,"",""
"40","Caen","NUPHYS","","","","","","","","","","","","","","","","","","","","-0.370679","49.182863","alojamientosv.us.es/nuphysjmd/","","","","","","","","","","","","","","","","","","","","NEW","","","","","","","","",NA,"","","","",NA,"",NA,NA,"",""
"41","Cairo","ESTeDe","","","","","","","","","","","","","","","","","","","","31.2357116","30.0444196","http://www.em-stede.eu/","","","","","","","","","","","","","","","","","","","","NEW","","","","","","","","",NA,"","","","",NA,"",NA,NA,"",""
"42","Cambridge","MEME","","","","","","","","","","","","","","","","","","","","-71.1097335","42.3736158","http://www.evobio.eu/","","","","","","","","","","","","","","","","","","","","","","","","","","","","",NA,"","","","",NA,"",NA,NA,"",""
"43","Campo Grande","ESTeDe","","","","","","","","","","","","","","","","","","","","-54.6202365","-20.4697645","http://www.em-stede.eu/","","","","","","","","","","","","","","","","","","","","NEW","","","","","","","","",NA,"","","","",NA,"",NA,NA,"",""
"44","Cardiff","PLANET Europe","","","","","","","","","","","","","","","","","","","","-3.1791","51.4816","http://www.planet-europe.eu/","","","","","","","","","","","","","","","","","","","","D/C","","","","","","","","",NA,"","","","",NA,"",NA,NA,"",""
"45","Cassino","MAIA","","","","","","","","","","","","","","","","","","","","13.8332193","41.4866953","http://www.maiamaster.org/","","","","","","","","","","","","","","","","","","","","","","","","","","","","",NA,"","","","",NA,"",NA,NA,"",""
"46","Castellón de la Plana","EMARO+","GeoTech","","","","","","","","","","","","","","","","","","","-0.0513246","39.9863563","http://emaro.irccyn.ec-nantes.fr/","http://mastergeotech.info/","","","","","","","","","","","","","","","","","","","","","","","","","","","",NA,"","","","",NA,"",NA,NA,"",""
"47","Catania","NUPHYS","","","","","","","","","","","","","","","","","","","","15.0830304","37.5078772","alojamientosv.us.es/nuphysjmd/","","","","","","","","","","","","","","","","","","","","NEW","","","","","","","","",NA,"","","","",NA,"",NA,NA,"",""
"48","Chania","EDAMUS","","","","","","","","","","","","","","","","","","","","24.018","35.5138","http://www.master-edamus.eu/","","","","","","","","","","","","","","","","","","","","D/C","","","","","","","","",NA,"","","","",NA,"",NA,NA,"",""
"49","Chennai","EuroAquae+","","","","","","","","","","","","","","","","","","","","80.233903","12.9908081","http://master.euroaquae.eu/","","","","","","","","","","","","","","","","","","","","NEW","","","","","","","","",NA,"","","","",NA,"",NA,NA,"",""
"50","Chicago","WOP-P","","","","","","","","","","","","","","","","","","","","-87.6297982","41.8781136","https://www.erasmuswop.org","","","","","","","","","","","","","","","","","","","","NEW","","","","","","","","",NA,"","","","",NA,"",NA,NA,"",""
"51","Clermont-Ferrand","GLODEP","","","","","","","","","","","","","","","","","","","","3.087025","45.777222","http://glodep.eu/","","","","","","","","","","","","","","","","","","","","NEW","","","","","","","","",NA,"","","","",NA,"",NA,NA,"",""
"52","Cluj","MITRA","","","","","","","","","","","","","","","","","","","","23.6236","46.7712","http://mastermitra.univ-lille3.fr/","","","","","","","","","","","","","","","","","","","","D/C","","","","","","","","",NA,"","","","",NA,"",NA,NA,"",""
"53","Coimbra","STEPS","TRIBOS","EUROPHILOSOPHIE","SUSCOS","IMAE","WOP-P","","","","","","","","","","","","","","","-8.4404","40.2048","http://emmcsteps.uniovi.es/","http://www.master-tribos.eu/","http://europhilomem.hypotheses.org/","http://steel.fsv.cvut.cz/suscos/","http://www.emmc-imae.org/","https://www.erasmuswop.org","","","","","","","","","","","","","","","","","D/C","D/C","","NEW","","","",NA,"","","","",NA,"",NA,NA,"",""
"54","Constantine","EDAMUS","","","","","","","","","","","","","","","","","","","","6.6424","36.3602","http://www.master-edamus.eu/","","","","","","","","","","","","","","","","","","","","D/C","","","","","","","","",NA,"","","","",NA,"",NA,NA,"",""
"55","Copenhagen","SUFONAMA","4CITIES","","","","","","","","","","","","","","","","","","","12.5683","55.6761","http://sufonama.eu/","http://www.4cities.eu/","","","","","","","","","","","","","","","","","","","D/C","","","","","","","","",NA,"","","","",NA,"",NA,NA,"",""
"56","Cork","MITRA","","","","","","","","","","","","","","","","","","","","-8.4863","51.8969","http://mastermitra.univ-lille3.fr/","","","","","","","","","","","","","","","","","","","","D/C","","","","","","","","",NA,"","","","",NA,"",NA,NA,"",""
"57","Cottbus","EuroAquae+","","","","","","","","","","","","","","","","","","","","14.3328679","51.7563108","http://master.euroaquae.eu/","","","","","","","","","","","","","","","","","","","","NEW","","","","","","","","",NA,"","","","",NA,"",NA,NA,"",""
"58","Cranfield","SPACEMASTER","","","","","","","","","","","","","","","","","","","","-0.6087411","52.0686347","http://www.spacemaster.eu/","","","","","","","","","","","","","","","","","","","","","","","","","","","","",NA,"","","","",NA,"",NA,NA,"",""
"59","Dakar","CLE","MITRA","","","","","","","","","","","","","","","","","","","-17.3660286","14.7645042","http://www.cle.unibo.it/site/","http://mastermitra.univ-lille3.fr/","","","","","","","","","","","","","","","","","","","","D/C","","","","","","","",NA,"","","","",NA,"",NA,NA,"",""
"60","Darmstadt","MUNDUS URBANO","FAME","","","","","","","","","","","","","","","","","","","8.6511929","49.8728253","http://www.mundus-urbano.eu/","http://www.fame-master.com/","","","","","","","","","","","","","","","","","","","","D/C","","","","","","","",NA,"","","","",NA,"",NA,NA,"",""
"61","Debrecen","EM-SANF","","","","","","","","","","","","","","","","","","","","21.6273","47.5316","http://www.emsanf.eu/UK/","","","","","","","","","","","","","","","","","","","","D/C","","","","","","","","",NA,"","","","",NA,"",NA,NA,"",""
"62","Delft","EWEM","CoMEM","GroundwatCH","","","","","","","","","","","","","","","","","","4.3570677","52.0115769","http://www.windenergymaster.eu/","http://www.ntnu.edu/studies/mscomem","http://www.groundwatermaster.eu/","","","","","","","","","","","","","","","","","","D/C","","","","","","","","",NA,"","","","",NA,"",NA,NA,"",""
"63","Dijon","MAIA","","","","","","","","","","","","","","","","","","","","5.04148","47.322047","http://www.maiamaster.org/","","","","","","","","","","","","","","","","","","","","","","","","","","","","",NA,"","","","",NA,"",NA,NA,"",""
"64","Dresden","CARTO","EMM-Nano","GroundwatCH","","","","","","","","","","","","","","","","","","13.7372621","51.0504088","http://www.cartographymaster.eu/","http://www.emm-nano.org/","http://www.groundwatermaster.eu/","","","","","","","","","","","","","","","","","","","","","","","","","","",NA,"","","","",NA,"",NA,NA,"",""
"65","Dschang","TROPIMUNDO","","","","","","","","","","","","","","","","","","","","10.0471549","5.4459387","http://www.tropimundo.eu/","","","","","","","","","","","","","","","","","","","","","","","","","","","","",NA,"","","","",NA,"",NA,NA,"",""
"66","Dublin","IMSISS","FIPDes","VufindR","","","","","","","","","","","","","","","","","","-6.2676448","53.3386609","http://www.gla.ac.uk/postgraduate/erasmusmundus/imsiss/","http://www.fipdes.eu/","http://www.viewfinder-ma.eu/","","","","","","","","","","","","","","","","","","NEW","NEW","NEW","","","","","","",NA,"","","","",NA,"",NA,NA,"",""
"67","Edinburgh","KINOEYES | KEM","IMIM","MSPME","ChIR","SSI","IMFSE","IDOH","","","","","","","","","","","","","","-3.1883","55.9533","http://www.kinoeyes.eu/","http://www.imim.polimi.it/","http://www.mspme.org/","http://www.emmcchir.org/","http://ssi-master.eu/","http://www.imfse.ugent.be/","http://infectious-diseases-one-health.eu/#services-tou","","","","","","","","","","","","","","","","D/C","","","","NEW","","",NA,"","","","",NA,"",NA,NA,"",""
"68","Einhoven","BDMA","","","","","","","","","","","","","","","","","","","","5.490714","51.4486098","http://bdma.univ-tours.fr/bdma/","","","","","","","","","","","","","","","","","","","","NEW","","","","","","","","",NA,"","","","",NA,"",NA,NA,"",""
"69","Enschede","CARTO","","","","","","","","","","","","","","","","","","","","6.8936619","52.2215372","http://www.cartographymaster.eu/","","","","","","","","","","","","","","","","","","","","","","","","","","","","",NA,"","","","",NA,"",NA,NA,"",""
"70","Evora","ARCHMAT","TPTI","TPTI","","","","","","","","","","","","","","","","","","-7.9093074","38.5707119","http://www.erasmusmundus-archmat.uevora.pt/","http://www.tpti.eu/","http://www.tpti.eu/","","","","","","","","","","","","","","","","","","","","D/C","","","","","","",NA,"","","","",NA,"",NA,NA,"",""
"71","Faro","EMQAL","WACOMA","EMECC NURSING","ChIR","EMECC NURSING","","","","","","","","","","","","","","","","-7.9374948","37.0103271","http://www.emqal.org/","http://erasmusmundus.uca.es/en/content,3,erasmus-mundus","http://masternursing.uniovi.es/","http://www.emmcchir.org/","http://masternursing.uniovi.es/","","","","","","","","","","","","","","","","","D/C","","","D/C","","","","",NA,"","","","",NA,"",NA,NA,"",""
"72","Ferrara","IMQP","","","","","","","","","","","","","","","","","","","","11.619787","44.8381237","https://sites.google.com/a/unife.it/quaternary-prehistory/","","","","","","","","","","","","","","","","","","","","","","","","","","","","",NA,"","","","",NA,"",NA,NA,"",""
"73","Florence","TROPIMUNDO","","","","","","","","","","","","","","","","","","","","11.2558136","43.7695604","http://www.tropimundo.eu/","","","","","","","","","","","","","","","","","","","","","","","","","","","","",NA,"","","","",NA,"",NA,NA,"",""
"74","Freiberg","EMERALD","","","","","","","","","","","","","","","","","","","","13.341727","50.9128283","http://em-georesources.eu/","","","","","","","","","","","","","","","","","","","","","","","","","","","","",NA,"","","","",NA,"",NA,NA,"",""
"75","Freiburg","MScEF","","","","","","","","","","","","","","","","","","","","7.8421043","47.9990077","http://www.uef.fi/en/web/mdp-europeanforestry","","","","","","","","","","","","","","","","","","","","NEW","","","","","","","","",NA,"","","","",NA,"",NA,NA,"",""
"76","Galati","EMSHIP","","","","","","","","","","","","","","","","","","","","28.0079945","45.4353208","http://www.emship.eu/","","","","","","","","","","","","","","","","","","","","","","","","","","","","",NA,"","","","",NA,"",NA,NA,"",""
"77","Galway","IMBRSea","","","","","","","","","","","","","","","","","","","","-9.0567905","53.270668","http://www.imbrsea.eu/","","","","","","","","","","","","","","","","","","","","NEW","","","","","","","","",NA,"","","","",NA,"",NA,NA,"",""
"78","Gdansk","MATHMODS","EMQAL","","","","","","","","","","","","","","","","","","","18.6466384","54.3520252","http://www.mathmods.eu/","http://www.emqal.org/","","","","","","","","","","","","","","","","","","","","","","","","","","","",NA,"","","","",NA,"",NA,NA,"",""
"79","Geisenheim","VINIFERA","","","","","","","","","","","","","","","","","","","","7.9666942","49.9864335","http://vinifera-euromaster.eu/","","","","","","","","","","","","","","","","","","","","","","","","","","","","",NA,"","","","",NA,"",NA,NA,"",""
"80","Genova","SERP+","EMARO+","EMSHIP","","","","","","","","","","","","","","","","","","8.946256","44.4056499","http://www.master-serp.eu/","http://emaro.irccyn.ec-nantes.fr/","http://www.emship.eu/","","","","","","","","","","","","","","","","","","NEW","","","","","","","","",NA,"","","","",NA,"",NA,NA,"",""
"81","Ghent","IMFSE","IMBRSea","IMRD","BIFTEC","","","","","","","","","","","","","","","","","3.7174243","51.0543422","http://www.imfse.ugent.be/","http://www.imbrsea.eu/","http://www.imrd.ugent.be/","http://www.fet.kuleuven.be/biftec","","","","","","","","","","","","","","","","","","NEW","","","","","","","",NA,"","","","",NA,"",NA,NA,"",""
"82","Giessen","EUCOMOR","","","","","","","","","","","","","","","","","","","","8.6784031","50.5840512","http://www.eucomor.net/","","","","","","","","","","","","","","","","","","","","","","","","","","","","",NA,"","","","",NA,"",NA,NA,"",""
"83","Girona","MAIA","EMTM","","","","","","","","","","","","","","","","","","","2.8214264","41.9794005","http://www.maiamaster.org/","http://www.emtmmaster.net/","","","","","","","","","","","","","","","","","","","","","","","","","","","",NA,"","","","",NA,"",NA,NA,"",""
"84","Giza","EU4M - EMMC","","","","","","","","","","","","","","","","","","","","31.2088526","30.0130557","http://www.eu4m.eu/","","","","","","","","","","","","","","","","","","","","","","","","","","","","",NA,"","","","",NA,"",NA,NA,"",""
"85","Gjovik","COSI","","","","","","","","","","","","","","","","","","","","10.6916303","60.7954302","http://www.master-colorscience.eu/","","","","","","","","","","","","","","","","","","","","","","","","","","","","",NA,"","","","",NA,"",NA,NA,"",""
"86","Glasgow","IMSISS","IMRCEES","GLOCAL","IMAESC","","","","","","","","","","","","","","","","","-4.251806","55.864237","http://www.gla.ac.uk/postgraduate/erasmusmundus/imsiss/","http://www.gla.ac.uk/postgraduate/erasmusmundus/imrcees/","http://www.gla.ac.uk/postgraduate/erasmusmundus/glocal/","http://www.gla.ac.uk/postgraduate/erasmusmundus/imaesc/","","","","","","","","","","","","","","","","","NEW","","NEW","","","","","","",NA,"","","","",NA,"",NA,NA,"",""
"87","Gothenburg","EMM-Nano","EM HRPP","MFAMILY","","","","","","","","","","","","","","","","","","11.97456","57.70887","http://www.emm-nano.org/","http://ws1.roehampton.ac.uk/admissions/erasmusmundus/hrp/index.html","http://www.mfamily.eu/","","","","","","","","","","","","","","","","","","","","","","","","","","",NA,"","","","",NA,"",NA,NA,"",""
"88","Göttingen","NEURASMUS","EUROCULTURE","PlantHealth","ASTROMUNDUS","GLOCAL","SUFONAMA","","","","","","","","","","","","","","","9.9158","51.5413","www.neurasmus.u-bordeaux2.fr","https://www.euroculturemaster.eu/","http://planthealth.upv.es/","http://www.astromundus.eu/","http://www.gla.ac.uk/postgraduate/erasmusmundus/glocal/","http://sufonama.eu/","","","","","","","","","","","","","","","NEW","D/C","","","NEW","D/C","","","",NA,"","","","",NA,"",NA,NA,"",""
"89","Granada","GEMMA","EPH+","COSI","","","","","","","","","","","","","","","","","","-3.5986","37.1773","http://masteres.ugr.es/gemma/","http://www.europubhealth.org/","http://www.master-colorscience.eu/","","","","","","","","","","","","","","","","","","D/C","NEW","","","","","","","",NA,"","","","",NA,"",NA,NA,"",""
"90","Grenoble","FAME","EMM-Nano","MUNDUS URBANO","MEEES","","","","","","","","","","","","","","","","","5.7245","45.1885","http://www.fame-master.com/","http://www.emm-nano.org/","http://www.mundus-urbano.eu/","http://www.meees.org/","","","","","","","","","","","","","","","","","D/C","","","","","","","","",NA,"","","","",NA,"",NA,NA,"",""
"91","Groningen","LCT","EUROCULTURE","MEME","EMCL+","TCCM","IMIM Med","","","","","","","","","","","","","","","6.5665","53.2194","http://www.lct-master.org/","https://www.euroculturemaster.eu/","http://www.evobio.eu/","http://emcl.eu/","http://www.emtccm.org/","http://www.innovativemedicine.eu/","","","","","","","","","","","","","","","","D/C","","NEW","","","","","",NA,"","","","",NA,"",NA,NA,"",""
"92","Guelph","WOP-P","","","","","","","","","","","","","","","","","","","","-80.2481666","43.5448048","https://www.erasmuswop.org","","","","","","","","","","","","","","","","","","","","NEW","","","","","","","","",NA,"","","","",NA,"",NA,NA,"",""
"93","Haifa","EMLE","","","","","","","","","","","","","","","","","","","","34.989571","32.7940463","http://www.emle.org/","","","","","","","","","","","","","","","","","","","","","","","","","","","","",NA,"","","","",NA,"",NA,NA,"",""
"94","Hamburg","MUNDUS JOURNALISM","MATHMODS","EMLE","","","","","","","","","","","","","","","","","","9.9936818","53.5510846","http://www.mundusjournalism.com/","http://www.mathmods.eu/","http://www.emle.org/","","","","","","","","","","","","","","","","","","","","","","","","","","",NA,"","","","",NA,"",NA,NA,"",""
"95","Heidelberg","IMIM Med","","","","","","","","","","","","","","","","","","","","8.6724335","49.3987524","http://www.innovativemedicine.eu/","","","","","","","","","","","","","","","","","","","","","","","","","","","","",NA,"","","","",NA,"",NA,NA,"",""
"96","Helsinki","SPACEMASTER","EMECC NURSING","EMECC NURSING","ASC","","","","","","","","","","","","","","","","","24.938379","60.1698557","http://www.spacemaster.eu/","http://masternursing.uniovi.es/","http://masternursing.uniovi.es/","http://www.master-asc.org/","","","","","","","","","","","","","","","","","","D/C","","","","","","","",NA,"","","","",NA,"",NA,NA,"",""
"97","Henan","EuroAquae+","","","","","","","","","","","","","","","","","","","","113.794504","34.7813236","http://master.euroaquae.eu/","","","","","","","","","","","","","","","","","","","","NEW","","","","","","","","",NA,"","","","",NA,"",NA,NA,"",""
"98","Heraklion","ACES","","","","","","","","","","","","","","","","","","","","25.1442126","35.3387352","http://www.sams.ac.uk/aces-erasmus","","","","","","","","","","","","","","","","","","","","","","","","","","","","",NA,"","","","",NA,"",NA,NA,"",""
"99","Hildesheim","EMLex","","","","","","","","","","","","","","","","","","","","9.9579652","52.154778","http://www.emlex.phil.uni-erlangen.de/","","","","","","","","","","","","","","","","","","","","","","","","","","","","",NA,"","","","",NA,"",NA,NA,"",""
"100","Hohai","EuroAquae+","","","","","","","","","","","","","","","","","","","","118.7568","32.054174","http://master.euroaquae.eu/","","","","","","","","","","","","","","","","","","","","NEW","","","","","","","","",NA,"","","","",NA,"",NA,NA,"",""
"101","Hong Kong","Media AC","","","","","","","","","","","","","","","","","","","","114.109497","22.396428","http://www.mediaartscultures.eu/","","","","","","","","","","","","","","","","","","","","","","","","","","","","",NA,"","","","",NA,"",NA,NA,"",""
"102","Hull","GEMMA","","","","","","","","","","","","","","","","","","","","-0.3367","53.7457","http://masteres.ugr.es/gemma/","","","","","","","","","","","","","","","","","","","","D/C","","","","","","","","",NA,"","","","",NA,"",NA,NA,"",""
"103","Incheon","EuroAquae+","","","","","","","","","","","","","","","","","","","","126.63281","37.3750804","http://master.euroaquae.eu/","","","","","","","","","","","","","","","","","","","","NEW","","","","","","","","",NA,"","","","",NA,"",NA,NA,"",""
"104","Indianapolis","EUROCULTURE","","","","","","","","","","","","","","","","","","","","-86.1581","39.7684","https://www.euroculturemaster.eu/","","","","","","","","","","","","","","","","","","","","D/C","","","","","","","","",NA,"","","","",NA,"",NA,NA,"",""
"105","Innsbruck","ASTROMUNDUS","","","","","","","","","","","","","","","","","","","","11.4041024","47.2692124","http://www.astromundus.eu/","","","","","","","","","","","","","","","","","","","","","","","","","","","","",NA,"","","","",NA,"",NA,NA,"",""
"106","Istanbul","G-MINDES","","","","","","","","","","","","","","","","","","","","28.9783589","41.0082376","http://global-minds.eu/","","","","","","","","","","","","","","","","","","","","NEW","","","","","","","","",NA,"","","","",NA,"",NA,NA,"",""
"107","Ivanovo","EU4M - EMMC","","","","","","","","","","","","","","","","","","","","40.9766453","57.0050671","http://www.eu4m.eu/","","","","","","","","","","","","","","","","","","","","","","","","","","","","",NA,"","","","",NA,"",NA,NA,"",""
"108","Joensuu","EMCL+","MScEF","COSI","","","","","","","","","","","","","","","","","","29.7635719","62.6010155","http://emcl.eu/","http://www.uef.fi/en/web/mdp-europeanforestry","http://www.master-colorscience.eu/","","","","","","","","","","","","","","","","","","NEW","NEW","","","","","","","",NA,"","","","",NA,"",NA,NA,"",""
"109","Johannesburg","ESTeDe","EPOG","","","","","","","","","","","","","","","","","","","28.0473051","-26.2041028","http://www.em-stede.eu/","http://www.epog.eu/","","","","","","","","","","","","","","","","","","","NEW","","","","","","","","",NA,"","","","",NA,"",NA,NA,"",""
"110","Kaiserslautern","EMSE","EMECS","","","","","","","","","","","","","","","","","","","7.7491265","49.4400657","http://em-se.eu/","http://www.emecs.eu/","","","","","","","","","","","","","","","","","","","","","","","","","","","",NA,"","","","",NA,"",NA,NA,"",""
"111","Kampala","MFAMILY","","","","","","","","","","","","","","","","","","","","32.5825197","0.3475964","http://www.mfamily.eu/","","","","","","","","","","","","","","","","","","","","","","","","","","","","",NA,"","","","",NA,"",NA,NA,"",""
"112","Karlskrona","PLANET Europe","","","","","","","","","","","","","","","","","","","","15.5869","56.1612","http://www.planet-europe.eu/","","","","","","","","","","","","","","","","","","","","D/C","","","","","","","","",NA,"","","","",NA,"",NA,NA,"",""
"113","Karlsruhe","EU4M - EMMC","EUROPHOTONICS","","","","","","","","","","","","","","","","","","","8.4036527","49.0068901","http://www.eu4m.eu/","http://www.europhotonics.org/wordpress/","","","","","","","","","","","","","","","","","","","","","","","","","","","",NA,"","","","",NA,"",NA,NA,"",""
"114","Katowice","EMLex","","","","","","","","","","","","","","","","","","","","19.0237815","50.2648919","http://www.emlex.phil.uni-erlangen.de/","","","","","","","","","","","","","","","","","","","","","","","","","","","","",NA,"","","","",NA,"",NA,NA,"",""
"115","Kiel","IMAE","","","","","","","","","","","","","","","","","","","","10.1227652","54.3232927","http://www.emmc-imae.org/","","","","","","","","","","","","","","","","","","","","","","","","","","","","",NA,"","","","",NA,"",NA,NA,"",""
"116","Kiev","IMRCEES","","","","","","","","","","","","","","","","","","","","30.5234","50.4501","http://www.gla.ac.uk/postgraduate/erasmusmundus/imrcees/","","","","","","","","","","","","","","","","","","","","","","","","","","","","",NA,"","","","",NA,"",NA,NA,"",""
"117","Kingston","EPOG","","","","","","","","","","","","","","","","","","","","-0.300689","51.41233","http://www.epog.eu/","","","","","","","","","","","","","","","","","","","","","","","","","","","","",NA,"","","","",NA,"",NA,NA,"",""
"118","Kolding","EMTM","","","","","","","","","","","","","","","","","","","","9.4730519","55.495973","http://www.emtmmaster.net/","","","","","","","","","","","","","","","","","","","","","","","","","","","","",NA,"","","","",NA,"",NA,NA,"",""
"119","Kongens Lyngby","EWEM","","","","","","","","","","","","","","","","","","","","12.4949","55.7635","http://www.windenergymaster.eu/","","","","","","","","","","","","","","","","","","","","D/C","","","","","","","","",NA,"","","","",NA,"",NA,NA,"",""
"120","Krakow","EUROCULTURE","IMRCEES","ASC","EPH+","","","","","","","","","","","","","","","","","19.9449799","50.0646501","https://www.euroculturemaster.eu/","http://www.gla.ac.uk/postgraduate/erasmusmundus/imrcees/","http://www.master-asc.org/","http://www.europubhealth.org/","","","","","","","","","","","","","","","","","D/C","","","NEW","","","","","",NA,"","","","",NA,"",NA,NA,"",""
"121","Krems an der Donau","MARIHE","Media AC","","","","","","","","","","","","","","","","","","","15.6038","48.41","http://www.marihe.eu/","http://www.mediaartscultures.eu/","","","","","","","","","","","","","","","","","","","D/C","","","","","","","","",NA,"","","","",NA,"",NA,NA,"",""
"122","Kuala Terengganu","TROPIMUNDO","","","","","","","","","","","","","","","","","","","","103.1370142","5.329624","http://www.tropimundo.eu/","","","","","","","","","","","","","","","","","","","","","","","","","","","","",NA,"","","","",NA,"",NA,NA,"",""
"123","L'Aquila","MATHMODS","","","","","","","","","","","","","","","","","","","","13.3995091","42.3498479","http://www.mathmods.eu/","","","","","","","","","","","","","","","","","","","","","","","","","","","","",NA,"","","","",NA,"",NA,NA,"",""
"124","Lappeenranta","PERCCOM","","","","","","","","","","","","","","","","","","","","28.1896628","61.0549929","http://perccom.univ-lorraine.fr/","","","","","","","","","","","","","","","","","","","","","","","","","","","","",NA,"","","","",NA,"",NA,NA,"",""
"125","Lausanne","EuroAquae+","","","","","","","","","","","","","","","","","","","","6.56675","46.5190557","http://master.euroaquae.eu/","","","","","","","","","","","","","","","","","","","","NEW","","","","","","","","",NA,"","","","",NA,"",NA,NA,"",""
"126","Leeds","TRIBOS","","","","","","","","","","","","","","","","","","","","-1.5490774","53.8007554","http://www.master-tribos.eu/","","","","","","","","","","","","","","","","","","","","","","","","","","","","",NA,"","","","",NA,"",NA,NA,"",""
"127","Leioa","MEREMMC","","","","","","","","","","","","","","","","","","","","-2.990057","43.3267036","http://www.merconsortium.eu/","","","","","","","","","","","","","","","","","","","","","","","","","","","","",NA,"","","","",NA,"",NA,NA,"",""
"128","Leipzig","ASC","EMGS","","","","","","","","","","","","","","","","","","","12.3730747","51.3396955","http://www.master-asc.org/","http://www.globalstudies-masters.info/","","","","","","","","","","","","","","","","","","","","","","","","","","","",NA,"","","","",NA,"",NA,NA,"",""
"129","Leuven","EMM-Nano","FAME","EUROPHILOSOPHIE","TCCM","PIONEER","ESTeDe","EMPHID","MAISI","MITRA","","","","","","","","","","","","4.7005","50.8798","http://www.emm-nano.org/","http://www.fame-master.com/","http://europhilomem.hypotheses.org/","http://www.emtccm.org/","http://pioneer-master.eu/","http://www.em-stede.eu/","http://www.pubhealthdisasters.eu/","http://www.maisi-project.eu/","http://mastermitra.univ-lille3.fr/","","","","","","","","","","","","","D/C","D/C","","NEW","NEW","","NEW","D/C",NA,"","","","",NA,"",NA,NA,"",""
"130","Liège","SUSCOS","MEREMMC","EMERALD","EMSHIP","FAME","","","","","","","","","","","","","","","","5.5591","50.5831","http://steel.fsv.cvut.cz/suscos/","http://www.merconsortium.eu/","http://em-georesources.eu/","http://www.emship.eu/","http://www.fame-master.com/","","","","","","","","","","","","","","","","D/C","","","","D/C","","","","",NA,"","","","",NA,"",NA,NA,"",""
"131","Lille","MEGEI","ASC","MITRA","","","","","","","","","","","","","","","","","","3.057256","50.62925","http://www.ua.ac.be/egei","http://www.master-asc.org/","http://mastermitra.univ-lille3.fr/","","","","","","","","","","","","","","","","","","","","D/C","","","","","","",NA,"","","","",NA,"",NA,NA,"",""
"132","Limerick","G-MINDES","","","","","","","","","","","","","","","","","","","","-8.6304975","52.6680204","http://global-minds.eu/","","","","","","","","","","","","","","","","","","","","NEW","","","","","","","","",NA,"","","","",NA,"",NA,NA,"",""
"133","Lincoln","ADVANCES","","","","","","","","","","","","","","","","","","","","-0.540579","53.230688","http://www.socialworkadvances.org/","","","","","","","","","","","","","","","","","","","","","","","","","","","","",NA,"","","","",NA,"",NA,NA,"",""
"134","Lisbon","G-MINDES","KINOEYES | KEM","EMSD","GeoTech","CWCN","VINIFERA","GroundwatCH","EM3E4SW","MFAMILY","VINIFERA","ADVANCES","MEDfOR","","","","","","","","","-9.1393366","38.7222524","http://global-minds.eu/","http://www.kinoeyes.eu/","http://www.europeansystemdynamics.eu/","http://mastergeotech.info/","http://www.munduscrossways.eu/","http://vinifera-euromaster.eu/","http://www.groundwatermaster.eu/","http://em3e-4sw.eu/em3e/index.php","http://www.mfamily.eu/","http://vinifera-euromaster.eu/","http://www.socialworkadvances.org/","http://www.medfor.eu/","","","","","","","","","NEW","","","","D/C","","","NEW","",NA,"","D/C","","",NA,"",NA,NA,"",""
"135","Ljubljana","EMTM","TRIBOS","CoDe","","","","","","","","","","","","","","","","","","14.5057515","46.0569465","http://www.emtmmaster.net/","http://www.master-tribos.eu/","http://www.erasmusmundus-code.eu/","","","","","","","","","","","","","","","","","","","","","","","","","","",NA,"","","","",NA,"",NA,NA,"",""
"136","Lleida","MScEF","MEDfOR","","","","","","","","","","","","","","","","","","","0.62","41.6176","http://www.uef.fi/en/web/mdp-europeanforestry","http://www.medfor.eu/","","","","","","","","","","","","","","","","","","","NEW","D/C","","","","","","","",NA,"","","","",NA,"",NA,NA,"",""
"137","Lodz","Media AC","GEMMA","","","","","","","","","","","","","","","","","","","19.4559833","51.7592485","http://www.mediaartscultures.eu/","http://masteres.ugr.es/gemma/","","","","","","","","","","","","","","","","","","","","D/C","","","","","","","",NA,"","","","",NA,"",NA,NA,"",""
"138","Loire Valley","IDOH","","","","","","","","","","","","","","","","","","","","1.0105289","47.5532402","http://infectious-diseases-one-health.eu/#services-tou","","","","","","","","","","","","","","","","","","","","NEW","","","","","","","","",NA,"","","","",NA,"",NA,NA,"",""
"139","London","MUNDUS JOURNALISM","CoMEM","EMGS","EM HRPP","EUPADRA","","","","","","","","","","","","","","","","-0.1277583","51.5073509","http://www.mundusjournalism.com/","http://www.ntnu.edu/studies/mscomem","http://www.globalstudies-masters.info/","http://ws1.roehampton.ac.uk/admissions/erasmusmundus/hrp/index.html","http://eupadra.eu/","","","","","","","","","","","","","","","","","","","","","","","","",NA,"","","","",NA,"",NA,NA,"",""
"140","Lulea","AMASE","TRIBOS","PERCCOM","SPACEMASTER","SUSCOS","","","","","","","","","","","","","","","","22.1567","65.5848","http://www.amase-master.net/","http://www.master-tribos.eu/","http://perccom.univ-lorraine.fr/","http://www.spacemaster.eu/","http://steel.fsv.cvut.cz/suscos/","","","","","","","","","","","","","","","","","","","","D/C","","","","",NA,"","","","",NA,"",NA,NA,"",""
"141","Lund","FIPDes","IMFSE","","","","","","","","","","","","","","","","","","","13.1910073","55.7046601","http://www.fipdes.eu/","http://www.imfse.ugent.be/","","","","","","","","","","","","","","","","","","","NEW","","","","","","","","",NA,"","","","",NA,"",NA,NA,"",""
"142","Lyon","LIVE","EACH","ATOSIM","","","","","","","","","","","","","","","","","","4.835659","45.764043","http://live.univ-lyon1.fr/","http://www.analyticalchemistry.eu/","http://www.erasmusmundus-atosim.cecam.org/","","","","","","","","","","","","","","","","","","","","D/C","","","","","","",NA,"","","","",NA,"",NA,NA,"",""
"143","Maastricht","EPH+","","","","","","","","","","","","","","","","","","","","5.6909725","50.8513682","http://www.europubhealth.org/","","","","","","","","","","","","","","","","","","","","NEW","","","","","","","","",NA,"","","","",NA,"",NA,NA,"",""
"144","Madrid","TCCM","4CITIES","NUPHYS","MONABIP","EUPADRA","NUPHYS","4CITIES","VINIFERA","EMSE","VINIFERA","IMIM","ME3","","","","","","","","","-3.7037902","40.4167754","http://www.emtccm.org/","http://www.4cities.eu/","alojamientosv.us.es/nuphysjmd/","http://www.monabiphot.ens-cachan.fr/","http://eupadra.eu/","alojamientosv.us.es/nuphysjmd/","http://www.4cities.eu/","http://vinifera-euromaster.eu/","http://em-se.eu/","http://vinifera-euromaster.eu/","http://www.imim.polimi.it/","http://www.emn.fr/z-de/me3-site/","","","","","","","","","","","NEW","","","NEW","","","",NA,"","","","",NA,"",NA,NA,"",""
"145","Mainz","MAISI","","","","","","","","","","","","","","","","","","","","8.2472526","49.9928617","http://www.maisi-project.eu/","","","","","","","","","","","","","","","","","","","","NEW","","","","","","","","",NA,"","","","",NA,"",NA,NA,"",""
"146","Mannheim","EMLex","","","","","","","","","","","","","","","","","","","","8.4660395","49.4874592","http://www.emlex.phil.uni-erlangen.de/","","","","","","","","","","","","","","","","","","","","","","","","","","","","",NA,"","","","",NA,"",NA,NA,"",""
"147","Marseille","EUROPHOTONICS","EUROPHOTONICS","","","","","","","","","","","","","","","","","","","5.36978","43.296482","http://www.europhotonics.org/wordpress/","http://www.europhotonics.org/wordpress/","","","","","","","","","","","","","","","","","","","","","","","","","","","",NA,"","","","",NA,"",NA,NA,"",""
"148","Melbourne","WOP-P","","","","","","","","","","","","","","","","","","","","-80.6081089","28.0836269","https://www.erasmuswop.org","","","","","","","","","","","","","","","","","","","","NEW","","","","","","","","",NA,"","","","",NA,"",NA,NA,"",""
"149","Memphis","EUROPHILOSOPHIE","","","","","","","","","","","","","","","","","","","","-90.049","35.1495","http://europhilomem.hypotheses.org/","","","","","","","","","","","","","","","","","","","","D/C","","","","","","","","",NA,"","","","",NA,"",NA,NA,"",""
"150","Mexico City","EUROCULTURE","EuroAquae+","","","","","","","","","","","","","","","","","","","-102.5528","23.6345","https://www.euroculturemaster.eu/","http://master.euroaquae.eu/","","","","","","","","","","","","","","","","","","","D/C","NEW","","","","","","","",NA,"","","","",NA,"",NA,NA,"",""
"151","Milan","MSPME","IMIM","","","","","","","","","","","","","","","","","","","9.1859","45.4654","http://www.mspme.org/","http://www.imim.polimi.it/","","","","","","","","","","","","","","","","","","","D/C","","","","","","","","",NA,"","","","",NA,"",NA,NA,"",""
"152","Montpellier","PlantHealth","VINIFERA","MIM","EM3E4SW","MAMASELF","EDAMUS","MAMASELF","MEME","","","","","","","","","","","","","3.8767","43.6108","http://planthealth.upv.es/","http://vinifera-euromaster.eu/","http://www.mastermimplus.eu/","http://em3e-4sw.eu/em3e/index.php","https://www.mamaself.eu/","http://www.master-edamus.eu/","http://www.mamaself.eu/","http://www.evobio.eu/","","","","","","","","","","","","","","","","NEW","NEW","D/C","","","",NA,"","","","",NA,"",NA,NA,"",""
"153","Msida","GLOBED","LCT","IMAESC","","","","","","","","","","","","","","","","","","14.4868883","35.8956388","http://globed.eu/","http://www.lct-master.org/","http://www.gla.ac.uk/postgraduate/erasmusmundus/imaesc/","","","","","","","","","","","","","","","","","","","","","","","","","","",NA,"","","","",NA,"",NA,NA,"",""
"154","Mulhouse","CLE","","","","","","","","","","","","","","","","","","","","7.335888","47.750839","http://www.cle.unibo.it/site/","","","","","","","","","","","","","","","","","","","","","","","","","","","","",NA,"","","","",NA,"",NA,NA,"",""
"155","Mumbai","EMLE","","","","","","","","","","","","","","","","","","","","72.8776559","19.0759837","http://www.emle.org/","","","","","","","","","","","","","","","","","","","","","","","","","","","","",NA,"","","","",NA,"",NA,NA,"",""
"156","Munich","MAMASELF","MAMASELF","MEME","MAMASELF","IMIM","CARTO","MAMASELF","","","","","","","","","","","","","","11.5819806","48.1351253","http://www.mamaself.eu/","https://www.mamaself.eu/","http://www.evobio.eu/","http://www.mamaself.eu/","http://www.imim.polimi.it/","http://www.cartographymaster.eu/","https://www.mamaself.eu/","","","","","","","","","","","","","","","NEW","","","","","NEW","","",NA,"","","","",NA,"",NA,NA,"",""
"157","Münster","GeoTech","PIONEER","","","","","","","","","","","","","","","","","","","7.6261347","51.9606649","http://mastergeotech.info/","http://pioneer-master.eu/","","","","","","","","","","","","","","","","","","","","NEW","","","","","","","",NA,"","","","",NA,"",NA,NA,"",""
"158","Nancy","EMERALD","EMLex","PERCCOM","LCT","AMASE","","","","","","","","","","","","","","","","6.184417","48.692054","http://em-georesources.eu/","http://www.emlex.phil.uni-erlangen.de/","http://perccom.univ-lorraine.fr/","http://www.lct-master.org/","http://www.amase-master.net/","","","","","","","","","","","","","","","","","","","","","","","","",NA,"","","","",NA,"",NA,NA,"",""
"159","Nantes","EMSHIP","EMARO+","ME3","MCM","ACES","","","","","","","","","","","","","","","","-1.553621","47.218371","http://www.emship.eu/","http://emaro.irccyn.ec-nantes.fr/","http://www.emn.fr/z-de/me3-site/","http://www.cimne.com/cm-master/","http://www.sams.ac.uk/aces-erasmus","","","","","","","","","","","","","","","","","","","","","","","","",NA,"","","","",NA,"",NA,NA,"",""
"160","Napoli","FIPDes","SUSCOS","Dyclam","EUCOMOR","","","","","","","","","","","","","","","","","14.257805","40.845492","http://www.fipdes.eu/","http://steel.fsv.cvut.cz/suscos/","http://www.dyclam.eu/fr/","http://www.eucomor.net/","","","","","","","","","","","","","","","","","NEW","D/C","","","","","","","",NA,"","","","",NA,"",NA,NA,"",""
"161","New Brunswick","GEMMA","","","","","","","","","","","","","","","","","","","","-74.4518","40.4862","http://masteres.ugr.es/gemma/","","","","","","","","","","","","","","","","","","","","D/C","","","","","","","","",NA,"","","","",NA,"",NA,NA,"",""
"162","Newcastle","EuroAquae+","","","","","","","","","","","","","","","","","","","","-1.61778","54.978252","http://master.euroaquae.eu/","","","","","","","","","","","","","","","","","","","","NEW","","","","","","","","",NA,"","","","",NA,"",NA,NA,"",""
"163","Nice","EuroAquae+","MATHMODS","","","","","","","","","","","","","","","","","","","7.2619532","43.7101728","http://master.euroaquae.eu/","http://www.mathmods.eu/","","","","","","","","","","","","","","","","","","","NEW","","","","","","","","",NA,"","","","",NA,"",NA,NA,"",""
"164","Nijmegen","EMSD","PLANET Europe","","","","","","","","","","","","","","","","","","","5.8372","51.8126","http://www.europeansystemdynamics.eu/","http://www.planet-europe.eu/","","","","","","","","","","","","","","","","","","","","D/C","","","","","","","",NA,"","","","",NA,"",NA,NA,"",""
"165","Ningbo","WACOMA","","","","","","","","","","","","","","","","","","","","121.544","29.8683","http://erasmusmundus.uca.es/en/content,3,erasmus-mundus","","","","","","","","","","","","","","","","","","","","D/C","","","","","","","","",NA,"","","","",NA,"",NA,NA,"",""
"166","Nitra","IMRD","","","","","","","","","","","","","","","","","","","","18.076376","48.3061414","http://www.imrd.ugent.be/","","","","","","","","","","","","","","","","","","","","","","","","","","","","",NA,"","","","",NA,"",NA,NA,"",""
"167","Nizhni Novgorod","IMRCEES","","","","","","","","","","","","","","","","","","","","43.9360589","56.2965039","http://www.gla.ac.uk/postgraduate/erasmusmundus/imrcees/","","","","","","","","","","","","","","","","","","","","","","","","","","","","",NA,"","","","",NA,"",NA,NA,"",""
"168","Norwich","IMAE","","","","","","","","","","","","","","","","","","","","1.297355","52.6308859","http://www.emmc-imae.org/","","","","","","","","","","","","","","","","","","","","","","","","","","","","",NA,"","","","",NA,"",NA,NA,"",""
"169","Nottingham","STEPS","","","","","","","","","","","","","","","","","","","","-1.1581086","52.9547832","http://emmcsteps.uniovi.es/","","","","","","","","","","","","","","","","","","","","","","","","","","","","",NA,"","","","",NA,"",NA,NA,"",""
"170","Oban","ACES","","","","","","","","","","","","","","","","","","","","-5.471047","56.415157","http://www.sams.ac.uk/aces-erasmus","","","","","","","","","","","","","","","","","","","","","","","","","","","","",NA,"","","","",NA,"",NA,NA,"",""
"171","Oldenburg","EWEM","","","","","","","","","","","","","","","","","","","","8.2146","53.1435","http://www.windenergymaster.eu/","","","","","","","","","","","","","","","","","","","","D/C","","","","","","","","",NA,"","","","",NA,"",NA,NA,"",""
"172","Olomouc","EUROCULTURE","GLODEP","","","","","","","","","","","","","","","","","","","17.2508787","49.593778","https://www.euroculturemaster.eu/","http://glodep.eu/","","","","","","","","","","","","","","","","","","","D/C","NEW","","","","","","","",NA,"","","","",NA,"",NA,NA,"",""
"173","Osaka","EUROCULTURE","","","","","","","","","","","","","","","","","","","","135.5022","34.6937","https://www.euroculturemaster.eu/","","","","","","","","","","","","","","","","","","","","D/C","","","","","","","","",NA,"","","","",NA,"",NA,NA,"",""
"174","Oslo","G-MINDES","GLOBED","","","","","","","","","","","","","","","","","","","10.7522454","59.9138688","http://global-minds.eu/","http://globed.eu/","","","","","","","","","","","","","","","","","","","NEW","","","","","","","","",NA,"","","","",NA,"",NA,NA,"",""
"175","Osnabrück","MARIHE","","","","","","","","","","","","","","","","","","","","8.0472","52.2799","http://www.marihe.eu/","","","","","","","","","","","","","","","","","","","","D/C","","","","","","","","",NA,"","","","",NA,"",NA,NA,"",""
"176","Ouagadougou","ESTeDe","","","","","","","","","","","","","","","","","","","","-1.5196603","12.3714277","http://www.em-stede.eu/","","","","","","","","","","","","","","","","","","","","NEW","","","","","","","","",NA,"","","","",NA,"",NA,NA,"",""
"177","Oulu","EMSE","","","","","","","","","","","","","","","","","","","","25.4650773","65.0120888","http://em-se.eu/","","","","","","","","","","","","","","","","","","","","","","","","","","","","",NA,"","","","",NA,"",NA,NA,"",""
"178","Oviedo","EU4M - EMMC","GEMMA","EMECC NURSING","STEPS","EMPHID","IMBRSea","","","","","","","","","","","","","","","-5.8494","43.3619","http://www.eu4m.eu/","http://masteres.ugr.es/gemma/","http://masternursing.uniovi.es/","http://emmcsteps.uniovi.es/","http://www.pubhealthdisasters.eu/","http://www.imbrsea.eu/","","","","","","","","","","","","","","","","D/C","D/C","","","NEW","","","",NA,"","","","",NA,"",NA,NA,"",""
"179","Padova","MEDfOR","NUPHYS","SUFONAMA","PlantHealth","TPTI","TPTI","ASTROMUNDUS","ESTeDe","","","","","","","","","","","","","11.8767611","45.4064349","http://www.medfor.eu/","alojamientosv.us.es/nuphysjmd/","http://sufonama.eu/","http://planthealth.upv.es/","http://www.tpti.eu/","http://www.tpti.eu/","http://www.astromundus.eu/","http://www.em-stede.eu/","","","","","","","","","","","","","D/C","NEW","D/C","","","D/C","","NEW","",NA,"","","","",NA,"",NA,NA,"",""
"180","Palermo","EMSD","","","","","","","","","","","","","","","","","","","","13.3612671","38.1156879","http://www.europeansystemdynamics.eu/","","","","","","","","","","","","","","","","","","","","","","","","","","","","",NA,"","","","",NA,"",NA,NA,"",""
"181","Paris","PlantHealth","FIPDes","MScEF","EPH+","Dyclam","IMQP","QEM","NANOMED","MONABIP","TROPIMUNDO","ADVANCES","SERP+","ESTeDe","TPTI","EPOG","IMBRSea","","","","","2.347657","48.8397733","http://planthealth.upv.es/","http://www.fipdes.eu/","http://www.uef.fi/en/web/mdp-europeanforestry","http://www.europubhealth.org/","http://www.dyclam.eu/fr/","https://sites.google.com/a/unife.it/quaternary-prehistory/","http://erasmusmundus-qem.univ-paris1.fr/","http://master-nanomed.eu/","http://www.monabiphot.ens-cachan.fr/","http://www.tropimundo.eu/","http://www.socialworkadvances.org/","http://www.master-serp.eu/","http://www.em-stede.eu/","http://www.tpti.eu/","http://www.epog.eu/","http://www.imbrsea.eu/","","","","","","NEW","NEW","NEW","","","","NEW","",NA,"","NEW","NEW","D/C",NA,"NEW",NA,NA,"",""
"182","Patras","NANOMED","MEEES","","","","","","","","","","","","","","","","","","","21.734574","38.2466395","http://master-nanomed.eu/","http://www.meees.org/","","","","","","","","","","","","","","","","","","","NEW","","","","","","","","",NA,"","","","",NA,"",NA,NA,"",""
"183","Pavia","MEEES","GLODEP","NANOMED","","","","","","","","","","","","","","","","","","9.1582069","45.1847248","http://www.meees.org/","http://glodep.eu/","http://master-nanomed.eu/","","","","","","","","","","","","","","","","","","","NEW","NEW","","","","","","",NA,"","","","",NA,"",NA,NA,"",""
"184","Peloponnese","MAISI","","","","","","","","","","","","","","","","","","","","22.37349","37.5079472","http://www.maisi-project.eu/","","","","","","","","","","","","","","","","","","","","NEW","","","","","","","","",NA,"","","","",NA,"",NA,NA,"",""
"185","Perpignan","CWCN","","","","","","","","","","","","","","","","","","","","2.8948","42.6887","http://www.munduscrossways.eu/","","","","","","","","","","","","","","","","","","","","D/C","","","","","","","","",NA,"","","","",NA,"",NA,NA,"",""
"186","Perugia","TCCM","","","","","","","","","","","","","","","","","","","","12.3908279","43.1107168","http://www.emtccm.org/","","","","","","","","","","","","","","","","","","","","","","","","","","","","",NA,"","","","",NA,"",NA,NA,"",""
"187","Pisa","IMRD","","","","","","","","","","","","","","","","","","","","10.4016888","43.7228386","http://www.imrd.ugent.be/","","","","","","","","","","","","","","","","","","","","","","","","","","","","",NA,"","","","",NA,"",NA,NA,"",""
"188","Poitiers","IMAE","","","","","","","","","","","","","","","","","","","","0.340375","46.580224","http://www.emmc-imae.org/","","","","","","","","","","","","","","","","","","","","","","","","","","","","",NA,"","","","",NA,"",NA,NA,"",""
"189","Ponta Delgada","EMMCMSP","","","","","","","","","","","","","","","","","","","","-25.6805868","37.7428301","http://www.iuav.it/Didattica1/master/master---I1/Erasmus-Mu/","","","","","","","","","","","","","","","","","","","","","","","","","","","","",NA,"","","","",NA,"",NA,NA,"",""
"190","Porto","BIFTEC","MEDfOR","TCCM","SERP+","","","","","","","","","","","","","","","","","-8.6291053","41.1579438","http://www.fet.kuleuven.be/biftec","http://www.medfor.eu/","http://www.emtccm.org/","http://www.master-serp.eu/","","","","","","","","","","","","","","","","","","D/C","","NEW","","","","","",NA,"","","","",NA,"",NA,NA,"",""
"191","Porto Alegre","IMAE","","","","","","","","","","","","","","","","","","","","-51.2176584","-30.0346471","http://www.emmc-imae.org/","","","","","","","","","","","","","","","","","","","","","","","","","","","","",NA,"","","","",NA,"",NA,NA,"",""
"192","Potenza","EDAMUS","","","","","","","","","","","","","","","","","","","","15.8055","40.6464","http://www.master-edamus.eu/","","","","","","","","","","","","","","","","","","","","D/C","","","","","","","","",NA,"","","","",NA,"",NA,NA,"",""
"193","Potsdam","EMCL+","MEEES","","","","","","","","","","","","","","","","","","","13.0644729","52.3905689","http://emcl.eu/","http://www.meees.org/","","","","","","","","","","","","","","","","","","","NEW","","","","","","","","",NA,"","","","",NA,"",NA,NA,"",""
"194","Poznań","SERP+","CWCN","EUCOMOR","","","","","","","","","","","","","","","","","","16.9251681","52.406374","http://www.master-serp.eu/","http://www.munduscrossways.eu/","http://www.eucomor.net/","","","","","","","","","","","","","","","","","","NEW","D/C","","","","","","","",NA,"","","","",NA,"",NA,NA,"",""
"195","Prague","MAISI","IMSISS","EUROPHILOSOPHIE","LCT","SPACEMASTER","SUSCOS","EM3E4SW","MEGEI","","","","","","","","","","","","","14.4378","50.0755","http://www.maisi-project.eu/","http://www.gla.ac.uk/postgraduate/erasmusmundus/imsiss/","http://europhilomem.hypotheses.org/","http://www.lct-master.org/","http://www.spacemaster.eu/","http://steel.fsv.cvut.cz/suscos/","http://em3e-4sw.eu/em3e/index.php","http://www.ua.ac.be/egei","","","","","","","","","","","","","NEW","NEW","D/C","","","D/C","NEW","","",NA,"","","","",NA,"",NA,NA,"",""
"196","Pune","EUROCULTURE","","","","","","","","","","","","","","","","","","","","73.8567","18.5204","https://www.euroculturemaster.eu/","","","","","","","","","","","","","","","","","","","","D/C","","","","","","","","",NA,"","","","",NA,"",NA,NA,"",""
"197","Québec","NEURASMUS","","","","","","","","","","","","","","","","","","","","-71.2079809","46.8138783","www.neurasmus.u-bordeaux2.fr","","","","","","","","","","","","","","","","","","","","NEW","","","","","","","","",NA,"","","","",NA,"",NA,NA,"",""
"198","Regensburg","IMSISS","CoDe","","","","","","","","","","","","","","","","","","","12.1016236","49.0134297","http://www.gla.ac.uk/postgraduate/erasmusmundus/imsiss/","http://www.erasmusmundus-code.eu/","","","","","","","","","","","","","","","","","","","NEW","","","","","","","","",NA,"","","","",NA,"",NA,NA,"",""
"199","Rennes","IMRD","PlantHealth","MAMASELF","MAMASELF","EPH+","","","","","","","","","","","","","","","","-1.6777926","48.117266","http://www.imrd.ugent.be/","http://planthealth.upv.es/","http://www.mamaself.eu/","https://www.mamaself.eu/","http://www.europubhealth.org/","","","","","","","","","","","","","","","","","","","NEW","NEW","","","","",NA,"","","","",NA,"",NA,NA,"",""
"200","Rio de Janeiro","MITRA","EuroAquae+","","","","","","","","","","","","","","","","","","","-43.17536","-22.9541412","http://mastermitra.univ-lille3.fr/","http://master.euroaquae.eu/","","","","","","","","","","","","","","","","","","","D/C","NEW","","","","","","","",NA,"","","","",NA,"",NA,NA,"",""
"201","Rome","EUPADRA","EMLex","ATOSIM","ARCHMAT","STEPS","MUNDUS URBANO","","","","","","","","","","","","","","","12.4963655","41.9027835","http://eupadra.eu/","http://www.emlex.phil.uni-erlangen.de/","http://www.erasmusmundus-atosim.cecam.org/","http://www.erasmusmundus-archmat.uevora.pt/","http://emmcsteps.uniovi.es/","http://www.mundus-urbano.eu/","","","","","","","","","","","","","","","","","D/C","","","","","","",NA,"","","","",NA,"",NA,NA,"",""
"202","Roskilde","EMGS","","","","","","","","","","","","","","","","","","","","12.087845","55.64191","http://www.globalstudies-masters.info/","","","","","","","","","","","","","","","","","","","","","","","","","","","","",NA,"","","","",NA,"",NA,NA,"",""
"203","Rostock","EMSHIP","","","","","","","","","","","","","","","","","","","","12.0991466","54.0924406","http://www.emship.eu/","","","","","","","","","","","","","","","","","","","","","","","","","","","","",NA,"","","","",NA,"",NA,NA,"",""
"204","Rotterdam","EMLE","GLOCAL","","","","","","","","","","","","","","","","","","","4.4777325","51.9244201","http://www.emle.org/","http://www.gla.ac.uk/postgraduate/erasmusmundus/glocal/","","","","","","","","","","","","","","","","","","","","NEW","","","","","","","",NA,"","","","",NA,"",NA,NA,"",""
"205","Saarbrücken","AMASE","LCT","","","","","","","","","","","","","","","","","","","6.9969327","49.2401572","http://www.amase-master.net/","http://www.lct-master.org/","","","","","","","","","","","","","","","","","","","","","","","","","","","",NA,"","","","",NA,"",NA,NA,"",""
"206","Saint-Etienne","COSI","Dyclam","","","","","","","","","","","","","","","","","","","4.3871779","45.439695","http://www.master-colorscience.eu/","http://www.dyclam.eu/fr/","","","","","","","","","","","","","","","","","","","","","","","","","","","",NA,"","","","",NA,"",NA,NA,"",""
"207","Saint Petersburg","PERCCOM","WACOMA","","","","","","","","","","","","","","","","","","","0.3351","59.9343","http://perccom.univ-lorraine.fr/","http://erasmusmundus.uca.es/en/content,3,erasmus-mundus","","","","","","","","","","","","","","","","","","","","D/C","","","","","","","",NA,"","","","",NA,"",NA,NA,"",""
"208","Salamanca","NUPHYS","","","","","","","","","","","","","","","","","","","","-5.6635397","40.9701039","alojamientosv.us.es/nuphysjmd/","","","","","","","","","","","","","","","","","","","","NEW","","","","","","","","",NA,"","","","",NA,"",NA,NA,"",""
"209","Salzburg","DCLead","","","","","","","","","","","","","","","","","","","","13.05501","47.80949","http://www.dclead.eu/","","","","","","","","","","","","","","","","","","","","","","","","","","","","",NA,"","","","",NA,"",NA,NA,"",""
"210","San Juan","WOP-P","","","","","","","","","","","","","","","","","","","","-66.1057355","18.4655394","https://www.erasmuswop.org","","","","","","","","","","","","","","","","","","","","NEW","","","","","","","","",NA,"","","","",NA,"",NA,NA,"",""
"211","San Sebastian","LCT","","","","","","","","","","","","","","","","","","","","-1.9812313","43.318334","http://www.lct-master.org/","","","","","","","","","","","","","","","","","","","","","","","","","","","","",NA,"","","","",NA,"",NA,NA,"",""
"212","Santander","MEGEI","","","","","","","","","","","","","","","","","","","","-3.8099803","43.4623057","http://www.ua.ac.be/egei","","","","","","","","","","","","","","","","","","","","","","","","","","","","",NA,"","","","",NA,"",NA,NA,"",""
"213","Santarém","EMECC NURSING","EMECC NURSING","","","","","","","","","","","","","","","","","","","-8.704075","39.2848804","http://masternursing.uniovi.es/","http://masternursing.uniovi.es/","","","","","","","","","","","","","","","","","","","D/C","","","","","","","","",NA,"","","","",NA,"",NA,NA,"",""
"214","Santiago de Compostela","EMLex","CWCN","","","","","","","","","","","","","","","","","","","-8.5448445","42.8782132","http://www.emlex.phil.uni-erlangen.de/","http://www.munduscrossways.eu/","","","","","","","","","","","","","","","","","","","","D/C","","","","","","","",NA,"","","","",NA,"",NA,NA,"",""
"215","Santos","WACOMA","","","","","","","","","","","","","","","","","","","","-46.330376","-23.944841","http://erasmusmundus.uca.es/en/content,3,erasmus-mundus","","","","","","","","","","","","","","","","","","","","D/C","","","","","","","","",NA,"","","","",NA,"",NA,NA,"",""
"216","Sao Carlos","EUROPHILOSOPHIE","","","","","","","","","","","","","","","","","","","","-47.8909","-22.0087","http://europhilomem.hypotheses.org/","","","","","","","","","","","","","","","","","","","","D/C","","","","","","","","",NA,"","","","",NA,"",NA,NA,"",""
"217","Seville","NUPHYS","EMMCMSP","","","","","","","","","","","","","","","","","","","-5.9844589","37.3890924","alojamientosv.us.es/nuphysjmd/","http://www.iuav.it/Didattica1/master/master---I1/Erasmus-Mu/","","","","","","","","","","","","","","","","","","","NEW","","","","","","","","",NA,"","","","",NA,"",NA,NA,"",""
"218","Sheffield","CWCN","EPH+","","","","","","","","","","","","","","","","","","","-1.4701","53.3811","http://www.munduscrossways.eu/","http://www.europubhealth.org/","","","","","","","","","","","","","","","","","","","D/C","NEW","","","","","","","",NA,"","","","",NA,"",NA,NA,"",""
"219","Singapure","EuroAquae+","","","","","","","","","","","","","","","","","","","","103.77639","1.2966426","http://master.euroaquae.eu/","","","","","","","","","","","","","","","","","","","","NEW","","","","","","","","",NA,"","","","",NA,"",NA,NA,"",""
"220","Solna","EMPHID","","","","","","","","","","","","","","","","","","","","18.0084334","59.3688791","http://www.pubhealthdisasters.eu/","","","","","","","","","","","","","","","","","","","","","","","","","","","","",NA,"","","","",NA,"",NA,NA,"",""
"221","Southampton","CoMEM","EMECS","MEREMMC","","","","","","","","","","","","","","","","","","-1.4043509","50.9097004","http://www.ntnu.edu/studies/mscomem","http://www.emecs.eu/","http://www.merconsortium.eu/","","","","","","","","","","","","","","","","","","","","","","","","","","",NA,"","","","",NA,"",NA,NA,"",""
"222","St. Andrews","CWCN","","","","","","","","","","","","","","","","","","","","-2.7967","56.3398","http://www.munduscrossways.eu/","","","","","","","","","","","","","","","","","","","","D/C","","","","","","","","",NA,"","","","",NA,"",NA,NA,"",""
"223","Stavanger","MFAMILY","","","","","","","","","","","","","","","","","","","","5.7331073","58.9699756","http://www.mfamily.eu/","","","","","","","","","","","","","","","","","","","","","","","","","","","","",NA,"","","","",NA,"",NA,NA,"",""
"224","Stellenbosch","EMLex","","","","","","","","","","","","","","","","","","","","18.860152","-33.9321045","http://www.emlex.phil.uni-erlangen.de/","","","","","","","","","","","","","","","","","","","","","","","","","","","","",NA,"","","","",NA,"",NA,NA,"",""
"225","Stockholm","ME3","","","","","","","","","","","","","","","","","","","","18.0685808","59.3293235","http://www.emn.fr/z-de/me3-site/","","","","","","","","","","","","","","","","","","","","","","","","","","","","",NA,"","","","",NA,"",NA,NA,"",""
"226","Stoke-on-Trent","MEGEI","","","","","","","","","","","","","","","","","","","","-2.179404","53.002668","http://www.ua.ac.be/egei","","","","","","","","","","","","","","","","","","","","","","","","","","","","",NA,"","","","",NA,"",NA,NA,"",""
"227","Strasbourg","EUROCULTURE","CLE","","","","","","","","","","","","","","","","","","","7.7521","48.5734","https://www.euroculturemaster.eu/","http://www.cle.unibo.it/site/","","","","","","","","","","","","","","","","","","","D/C","","","","","","","","",NA,"","","","",NA,"",NA,NA,"",""
"228","Stuttgart","MCM","Dyclam","","","","","","","","","","","","","","","","","","","9.1829321","48.7758459","http://www.cimne.com/cm-master/","http://www.dyclam.eu/fr/","","","","","","","","","","","","","","","","","","","","","","","","","","","",NA,"","","","",NA,"",NA,NA,"",""
"229","Swansea","MUNDUS JOURNALISM","MCM","MAISI","","","","","","","","","","","","","","","","","","-3.943646","51.62144","http://www.mundusjournalism.com/","http://www.cimne.com/cm-master/","http://www.maisi-project.eu/","","","","","","","","","","","","","","","","","","","","NEW","","","","","","",NA,"","","","",NA,"",NA,NA,"",""
"230","Szczecin","EMSHIP","","","","","","","","","","","","","","","","","","","","14.5528116","53.4285438","http://www.emship.eu/","","","","","","","","","","","","","","","","","","","","","","","","","","","","",NA,"","","","",NA,"",NA,NA,"",""
"231","Tallin","VufindR","PIONEER","","","","","","","","","","","","","","","","","","","24.7535746","59.4369608","http://www.viewfinder-ma.eu/","http://pioneer-master.eu/","","","","","","","","","","","","","","","","","","","NEW","NEW","","","","","","","",NA,"","","","",NA,"",NA,NA,"",""
"232","Tallinn","KINOEYES | KEM","IMAESC","","","","","","","","","","","","","","","","","","","24.7535746","59.4369608","http://www.kinoeyes.eu/","http://www.gla.ac.uk/postgraduate/erasmusmundus/imaesc/","","","","","","","","","","","","","","","","","","","","","","","","","","","",NA,"","","","",NA,"",NA,NA,"",""
"233","Tampere","MARIHE","","","","","","","","","","","","","","","","","","","","23.761","61.4978","http://www.marihe.eu/","","","","","","","","","","","","","","","","","","","","D/C","","","","","","","","",NA,"","","","",NA,"",NA,NA,"",""
"234","Tarragona","IMQP","WINTOUR","","","","","","","","","","","","","","","","","","","1.2444909","41.1188827","https://sites.google.com/a/unife.it/quaternary-prehistory/","http://www.wintour-master.eu/en_index/","","","","","","","","","","","","","","","","","","","","","","","","","","","",NA,"","","","",NA,"",NA,NA,"",""
"235","Tartu","IMRCEES","EACH","","","","","","","","","","","","","","","","","","","26.7290063","58.3776252","http://www.gla.ac.uk/postgraduate/erasmusmundus/imrcees/","http://www.analyticalchemistry.eu/","","","","","","","","","","","","","","","","","","","","","","","","","","","",NA,"","","","",NA,"",NA,NA,"",""
"236","The Hague","MUNDUS MAPP","","","","","","","","","","","","","","","","","","","","4.3007","52.0705","http://www.mundusmapp.org/","","","","","","","","","","","","","","","","","","","","D/C","","","","","","","","",NA,"","","","",NA,"",NA,NA,"",""
"237","Thessaloniki","ARCHMAT","CLE","","","","","","","","","","","","","","","","","","","22.9444191","40.6400629","http://www.erasmusmundus-archmat.uevora.pt/","http://www.cle.unibo.it/site/","","","","","","","","","","","","","","","","","","","","","","","","","","","",NA,"","","","",NA,"",NA,NA,"",""
"238","Timisoara","SUSCOS","","","","","","","","","","","","","","","","","","","","21.2087","45.7489","http://steel.fsv.cvut.cz/suscos/","","","","","","","","","","","","","","","","","","","","D/C","","","","","","","","",NA,"","","","",NA,"",NA,NA,"",""
"239","Tokyo","EUROPHILOSOPHIE","","","","","","","","","","","","","","","","","","","","139.6917","35.6895","http://europhilomem.hypotheses.org/","","","","","","","","","","","","","","","","","","","","D/C","","","","","","","","",NA,"","","","",NA,"",NA,NA,"",""
"240","Tomar","IMQP","Dyclam","","","","","","","","","","","","","","","","","","","-8.4042526","39.6052067","https://sites.google.com/a/unife.it/quaternary-prehistory/","http://www.dyclam.eu/fr/","","","","","","","","","","","","","","","","","","","","","","","","","","","",NA,"","","","",NA,"",NA,NA,"",""
"241","Torino","MAMASELF","MAMASELF","","","","","","","","","","","","","","","","","","","7.6868565","45.070312","http://www.mamaself.eu/","https://www.mamaself.eu/","","","","","","","","","","","","","","","","","","","","NEW","","","","","","","",NA,"","","","",NA,"",NA,NA,"",""
"242","Toulouse","TCCM","SPACEMASTER","EM-SANF","EM3E4SW","EUROPHILOSOPHIE","","","","","","","","","","","","","","","","1.4442","43.6047","http://www.emtccm.org/","http://www.spacemaster.eu/","http://www.emsanf.eu/UK/","http://em3e-4sw.eu/em3e/index.php","http://europhilomem.hypotheses.org/","","","","","","","","","","","","","","","","","","D/C","NEW","D/C","","","","",NA,"","","","",NA,"",NA,NA,"",""
"243","Tours cedex 1","BDMA","","","","","","","","","","","","","","","","","","","","0.6738728","47.3838055","http://bdma.univ-tours.fr/bdma/","","","","","","","","","","","","","","","","","","","","NEW","","","","","","","","",NA,"","","","",NA,"",NA,NA,"",""
"244","Trabzon","MEDfOR","","","","","","","","","","","","","","","","","","","","39.7168","41.0027","http://www.medfor.eu/","","","","","","","","","","","","","","","","","","","","D/C","","","","","","","","",NA,"","","","",NA,"",NA,NA,"",""
"245","Trento","LCT","CoDe","","","","","","","","","","","","","","","","","","","11.1217486","46.0747793","http://www.lct-master.org/","http://www.erasmusmundus-code.eu/","","","","","","","","","","","","","","","","","","","","","","","","","","","",NA,"","","","",NA,"",NA,NA,"",""
"246","Trondheim","EWEM","CoMEM","","","","","","","","","","","","","","","","","","","10.3950528","63.4305149","http://www.windenergymaster.eu/","http://www.ntnu.edu/studies/mscomem","","","","","","","","","","","","","","","","","","","D/C","","","","","","","","",NA,"","","","",NA,"",NA,NA,"",""
"247","Turin","EPOG","VINIFERA","VINIFERA","","","","","","","","","","","","","","","","","","7.6868565","45.070312","http://www.epog.eu/","http://vinifera-euromaster.eu/","http://vinifera-euromaster.eu/","","","","","","","","","","","","","","","","","","","","","","","","","","",NA,"","","","",NA,"",NA,NA,"",""
"248","Turku","EACH","","","","","","","","","","","","","","","","","","","","22.2666303","60.4518126","http://www.analyticalchemistry.eu/","","","","","","","","","","","","","","","","","","","","","","","","","","","","",NA,"","","","",NA,"",NA,NA,"",""
"249","Twente","EM3E4SW","","","","","","","","","","","","","","","","","","","","5.1376647","52.0638598","http://em3e-4sw.eu/em3e/index.php","","","","","","","","","","","","","","","","","","","","NEW","","","","","","","","",NA,"","","","",NA,"",NA,NA,"",""
"250","Udine","VINIFERA","EUROCULTURE","","","","","","","","","","","","","","","","","","","13.2345794","46.0710668","http://vinifera-euromaster.eu/","https://www.euroculturemaster.eu/","","","","","","","","","","","","","","","","","","","","D/C","","","","","","","",NA,"","","","",NA,"",NA,NA,"",""
"251","Umea","MSPME","","","","","","","","","","","","","","","","","","","","20.263","63.8258","http://www.mspme.org/","","","","","","","","","","","","","","","","","","","","D/C","","","","","","","","",NA,"","","","",NA,"",NA,NA,"",""
"252","Uppsala","IMIM Med","EACH","MEME","EUROCULTURE","","","","","","","","","","","","","","","","","17.6389","59.8586","http://www.innovativemedicine.eu/","http://www.analyticalchemistry.eu/","http://www.evobio.eu/","https://www.euroculturemaster.eu/","","","","","","","","","","","","","","","","","","","","D/C","","","","","",NA,"","","","",NA,"",NA,NA,"",""
"253","Utrecht","GEMMA","","","","","","","","","","","","","","","","","","","","5.1214","52.0907","http://masteres.ugr.es/gemma/","","","","","","","","","","","","","","","","","","","","D/C","","","","","","","","",NA,"","","","",NA,"",NA,NA,"",""
"254","Valencia","PlantHealth","TCCM","WOP-P","","","","","","","","","","","","","","","","","","-0.3762881","39.4699075","http://planthealth.upv.es/","http://www.emtccm.org/","https://www.erasmuswop.org","","","","","","","","","","","","","","","","","","","","NEW","","","","","","",NA,"","","","",NA,"",NA,NA,"",""
"255","Valladolid","MEDfOR","","","","","","","","","","","","","","","","","","","","-4.7245","41.6523","http://www.medfor.eu/","","","","","","","","","","","","","","","","","","","","D/C","","","","","","","","",NA,"","","","",NA,"",NA,NA,"",""
"256","Venice","MIM","QEM","EMMCMSP","","","","","","","","","","","","","","","","","","12.3155151","45.4408474","http://www.mastermimplus.eu/","http://erasmusmundus-qem.univ-paris1.fr/","http://www.iuav.it/Didattica1/master/master---I1/Erasmus-Mu/","","","","","","","","","","","","","","","","","","","","","","","","","","",NA,"","","","",NA,"",NA,NA,"",""
"257","Vestfold","SSI","","","","","","","","","","","","","","","","","","","","10.1144355","59.1707862","http://ssi-master.eu/","","","","","","","","","","","","","","","","","","","","","","","","","","","","",NA,"","","","",NA,"",NA,NA,"",""
"258","Vienna","MScEF","EUCOMOR","EMGS","4CITIES","EMLE","CARTO","","","","","","","","","","","","","","","16.3738189","48.2081743","http://www.uef.fi/en/web/mdp-europeanforestry","http://www.eucomor.net/","http://www.globalstudies-masters.info/","http://www.4cities.eu/","http://www.emle.org/","http://www.cartographymaster.eu/","","","","","","","","","","","","","","","NEW","","","","","","","","",NA,"","","","",NA,"",NA,NA,"",""
"259","Vila Rea","IMQP","","","","","","","","","","","","","","","","","","","","-7.7422354","41.3010351","https://sites.google.com/a/unife.it/quaternary-prehistory/","","","","","","","","","","","","","","","","","","","","","","","","","","","","",NA,"","","","",NA,"",NA,NA,"",""
"260","Vilnius","EUROPHOTONICS","","","","","","","","","","","","","","","","","","","","25.2796514","54.6871555","http://www.europhotonics.org/wordpress/","","","","","","","","","","","","","","","","","","","","","","","","","","","","",NA,"","","","",NA,"",NA,NA,"",""
"261","Viterbo","MEDfOR","","","","","","","","","","","","","","","","","","","","12.1077","42.4207","http://www.medfor.eu/","","","","","","","","","","","","","","","","","","","","D/C","","","","","","","","",NA,"","","","",NA,"",NA,NA,"",""
"262","Wageningen","EM-SANF","","","","","","","","","","","","","","","","","","","","5.6654","51.9692","http://www.emsanf.eu/UK/","","","","","","","","","","","","","","","","","","","","D/C","","","","","","","","",NA,"","","","",NA,"",NA,NA,"",""
"263","Warsaw","G-MINDES","EMLE","ADVANCES","EuroAquae+","EMARO+","","","","","","","","","","","","","","","","21.0122287","52.2296756","http://global-minds.eu/","http://www.emle.org/","http://www.socialworkadvances.org/","http://master.euroaquae.eu/","http://emaro.irccyn.ec-nantes.fr/","","","","","","","","","","","","","","","","NEW","","","NEW","","","","","",NA,"","","","",NA,"",NA,NA,"",""
"264","Wroclaw","MONABIP","EMGS","MONABIP","","","","","","","","","","","","","","","","","","17.0385376","51.1078852","http://www.monabiphot.ens-cachan.fr/","http://www.globalstudies-masters.info/","http://www.monabiphot.ens-cachan.fr/","","","","","","","","","","","","","","","","","","","","","","","","","","",NA,"","","","",NA,"",NA,NA,"",""
"265","Wuppertal","EUROPHILOSOPHIE","","","","","","","","","","","","","","","","","","","","7.1508","51.2562","http://europhilomem.hypotheses.org/","","","","","","","","","","","","","","","","","","","","D/C","","","","","","","","",NA,"","","","",NA,"",NA,NA,"",""
"266","Würzburg","SPACEMASTER","","","","","","","","","","","","","","","","","","","","9.9533548","49.7913044","http://www.spacemaster.eu/","","","","","","","","","","","","","","","","","","","","","","","","","","","","",NA,"","","","",NA,"",NA,NA,"",""
"267","York","MUNDUS MAPP","","","","","","","","","","","","","","","","","","","","-1.0873","53.96","http://www.mundusmapp.org/","","","","","","","","","","","","","","","","","","","","D/C","","","","","","","","",NA,"","","","",NA,"",NA,NA,"",""
"268","Zaragoza","EDAMUS","EM3E4SW","","","","","","","","","","","","","","","","","","","-0.8897421","41.6488696","http://www.master-edamus.eu/","http://em3e-4sw.eu/em3e/index.php","","","","","","","","","","","","","","","","","","","D/C","NEW","","","","","","","",NA,"","","","",NA,"",NA,NA,"",""
