"","city","course1","course2","course3","course4","course5","course6","course7","course8","course9","course10","course11","course12","course13","course14","course15","course16","course17","course18","course19","course20","lon","lat","website1","website2","website3","website4","website5","website6","website7","website8","website9","website10","website11","website12","website13","website14","website15","website16","website17","website18","website19","website20","status1","status2","status3","status4","status5","status6","status7","status8","status9","status10","status11","status12","status13","status14","status15","status16","status17","status18","status19","status20","code","title"
"1","Aalborg","ADVANCES","DCLead","Media AC",NA,NA,NA,NA,NA,NA,NA,NA,NA,NA,NA,NA,NA,NA,NA,NA,NA,"9.921747","57.0488195","http://www.socialworkadvances.org/","http://www.dclead.eu/","http://www.mediaartscultures.eu/",NA,NA,NA,NA,NA,NA,NA,NA,NA,NA,NA,NA,NA,NA,NA,NA,NA,NA,NA,NA,NA,NA,NA,NA,NA,NA,NA,NA,NA,NA,NA,NA,NA,NA,NA,NA,NA,"Aalborg","Aalborg"
"2","Aarhus","EM-SANF",NA,NA,NA,NA,NA,NA,NA,NA,NA,NA,NA,NA,NA,NA,NA,NA,NA,NA,NA,"10.2039","56.1629","http://www.emsanf.eu/UK/",NA,NA,NA,NA,NA,NA,NA,NA,NA,NA,NA,NA,NA,NA,NA,NA,NA,NA,NA,"D/C",NA,NA,NA,NA,NA,NA,NA,NA,NA,NA,NA,NA,NA,NA,NA,NA,NA,NA,NA,"Aarhus","Aarhus"
"3","Aix-en-Provence","EMLE",NA,NA,NA,NA,NA,NA,NA,NA,NA,NA,NA,NA,NA,NA,NA,NA,NA,NA,NA,"5.447427","43.529742","http://www.emle.org/",NA,NA,NA,NA,NA,NA,NA,NA,NA,NA,NA,NA,NA,NA,NA,NA,NA,NA,NA,NA,NA,NA,NA,NA,NA,NA,NA,NA,NA,NA,NA,NA,NA,NA,NA,NA,NA,NA,NA,"Aix-en-Provence","Aix-en-Provence"
"4","Algarve","IMBRSea",NA,NA,NA,NA,NA,NA,NA,NA,NA,NA,NA,NA,NA,NA,NA,NA,NA,NA,NA,"-7.930834","37.0179538","http://www.imbrsea.eu/",NA,NA,NA,NA,NA,NA,NA,NA,NA,NA,NA,NA,NA,NA,NA,NA,NA,NA,NA,"NEW",NA,NA,NA,NA,NA,NA,NA,NA,NA,NA,NA,NA,NA,NA,NA,NA,NA,NA,NA,"Algarve","Algarve"
"5","Almaty","IMRCEES",NA,NA,NA,NA,NA,NA,NA,NA,NA,NA,NA,NA,NA,NA,NA,NA,NA,NA,NA,"76.8512485","43.2220146","http://www.gla.ac.uk/postgraduate/erasmusmundus/imrcees/",NA,NA,NA,NA,NA,NA,NA,NA,NA,NA,NA,NA,NA,NA,NA,NA,NA,NA,NA,NA,NA,NA,NA,NA,NA,NA,NA,NA,NA,NA,NA,NA,NA,NA,NA,NA,NA,NA,NA,"Almaty","Almaty"
"6","Alnarp","SUFONAMA",NA,NA,NA,NA,NA,NA,NA,NA,NA,NA,NA,NA,NA,NA,NA,NA,NA,NA,NA,"13.0824","55.6576","http://sufonama.eu/",NA,NA,NA,NA,NA,NA,NA,NA,NA,NA,NA,NA,NA,NA,NA,NA,NA,NA,NA,"D/C",NA,NA,NA,NA,NA,NA,NA,NA,NA,NA,NA,NA,NA,NA,NA,NA,NA,NA,NA,"Alnarp","Alnarp"
"7","Amsterdam","ATOSIM","ATOSIM","GLOBED","MUNDUS JOURNALISM","NEURASMUS",NA,NA,NA,NA,NA,NA,NA,NA,NA,NA,NA,NA,NA,NA,NA,"4.8951679","52.3702157","http://www.erasmusmundus-atosim.cecam.org/","http://www.erasmusmundus-atosim.cecam.org/","http://globed.eu/","http://www.mundusjournalism.com/","www.neurasmus.u-bordeaux2.fr",NA,NA,NA,NA,NA,NA,NA,NA,NA,NA,NA,NA,NA,NA,NA,"D/C","D/C",NA,NA,"NEW",NA,NA,NA,NA,NA,NA,NA,NA,NA,NA,NA,NA,NA,NA,NA,"Amsterdam","Amsterdam"
"8","Ancona","IMBRSea",NA,NA,NA,NA,NA,NA,NA,NA,NA,NA,NA,NA,NA,NA,NA,NA,NA,NA,NA,"13.518915","43.6158299","http://www.imbrsea.eu/",NA,NA,NA,NA,NA,NA,NA,NA,NA,NA,NA,NA,NA,NA,NA,NA,NA,NA,NA,"NEW",NA,NA,NA,NA,NA,NA,NA,NA,NA,NA,NA,NA,NA,NA,NA,NA,NA,NA,NA,"Ancona","Ancona"
"9","Angers","NANOMED",NA,NA,NA,NA,NA,NA,NA,NA,NA,NA,NA,NA,NA,NA,NA,NA,NA,NA,NA,"-0.563166","47.478419","http://master-nanomed.eu/",NA,NA,NA,NA,NA,NA,NA,NA,NA,NA,NA,NA,NA,NA,NA,NA,NA,NA,NA,"NEW",NA,NA,NA,NA,NA,NA,NA,NA,NA,NA,NA,NA,NA,NA,NA,NA,NA,NA,NA,"Angers","Angers"
"10","Ankara","MEEES",NA,NA,NA,NA,NA,NA,NA,NA,NA,NA,NA,NA,NA,NA,NA,NA,NA,NA,NA,"32.8597419","39.9333635","http://www.meees.org/",NA,NA,NA,NA,NA,NA,NA,NA,NA,NA,NA,NA,NA,NA,NA,NA,NA,NA,NA,NA,NA,NA,NA,NA,NA,NA,NA,NA,NA,NA,NA,NA,NA,NA,NA,NA,NA,NA,NA,"Ankara","Ankara"
"11","Antwerp","MEGEI","EUCOMOR","LIVE",NA,NA,NA,NA,NA,NA,NA,NA,NA,NA,NA,NA,NA,NA,NA,NA,NA,"4.4024643","51.2194475","http://www.ua.ac.be/egei","http://www.eucomor.net/","http://live.univ-lyon1.fr/",NA,NA,NA,NA,NA,NA,NA,NA,NA,NA,NA,NA,NA,NA,NA,NA,NA,NA,NA,NA,NA,NA,NA,NA,NA,NA,NA,NA,NA,NA,NA,NA,NA,NA,NA,NA,NA,"Antwerp","Antwerp"
"12","Augsburg","FAME",NA,NA,NA,NA,NA,NA,NA,NA,NA,NA,NA,NA,NA,NA,NA,NA,NA,NA,NA,"10.8978","48.3705","http://www.fame-master.com/",NA,NA,NA,NA,NA,NA,NA,NA,NA,NA,NA,NA,NA,NA,NA,NA,NA,NA,NA,"D/C",NA,NA,NA,NA,NA,NA,NA,NA,NA,NA,NA,NA,NA,NA,NA,NA,NA,NA,NA,"Augsburg","Augsburg"
"13","Aveiro","FAME",NA,NA,NA,NA,NA,NA,NA,NA,NA,NA,NA,NA,NA,NA,NA,NA,NA,NA,NA,"-8.6538","40.6405","http://www.fame-master.com/",NA,NA,NA,NA,NA,NA,NA,NA,NA,NA,NA,NA,NA,NA,NA,NA,NA,NA,NA,"D/C",NA,NA,NA,NA,NA,NA,NA,NA,NA,NA,NA,NA,NA,NA,NA,NA,NA,NA,NA,"Aveiro","Aveiro"
"14","Baltimore","WOP-P",NA,NA,NA,NA,NA,NA,NA,NA,NA,NA,NA,NA,NA,NA,NA,NA,NA,NA,NA,"-76.6121893","39.2903848","https://www.erasmuswop.org",NA,NA,NA,NA,NA,NA,NA,NA,NA,NA,NA,NA,NA,NA,NA,NA,NA,NA,NA,"NEW",NA,NA,NA,NA,NA,NA,NA,NA,NA,NA,NA,NA,NA,NA,NA,NA,NA,NA,NA,"Baltimore","Baltimore"
"15","Bangor","SUFONAMA",NA,NA,NA,NA,NA,NA,NA,NA,NA,NA,NA,NA,NA,NA,NA,NA,NA,NA,NA,"-4.1239","53.2274","http://sufonama.eu/",NA,NA,NA,NA,NA,NA,NA,NA,NA,NA,NA,NA,NA,NA,NA,NA,NA,NA,NA,"D/C",NA,NA,NA,NA,NA,NA,NA,NA,NA,NA,NA,NA,NA,NA,NA,NA,NA,NA,NA,"Bangor","Bangor"
"16","Barcelona","MATHMODS","IDOH","LIVE","MIM","EUROPHOTONICS","GLOBED","QEM","MUNDUS MAPP","EUROPHOTONICS","MCM","BDMA","EUROPHOTONICS","AMASE","EuroAquae+","CoMEM","GLOCAL","EUROPHOTONICS","ChIR","NUPHYS","WOP-P","2.1734","41.3851","http://www.mathmods.eu/","http://infectious-diseases-one-health.eu/#services-tou","http://live.univ-lyon1.fr/","http://www.mastermimplus.eu/","http://www.europhotonics.org/wordpress/","http://globed.eu/","http://erasmusmundus-qem.univ-paris1.fr/","http://www.mundusmapp.org/","http://www.europhotonics.org/wordpress/","http://www.cimne.com/cm-master/","http://bdma.univ-tours.fr/bdma/","http://www.europhotonics.org/wordpress/","http://www.amase-master.net/","http://master.euroaquae.eu/","http://www.ntnu.edu/studies/mscomem","http://www.gla.ac.uk/postgraduate/erasmusmundus/glocal/","http://www.europhotonics.org/wordpress/","http://www.emmcchir.org/","alojamientosv.us.es/nuphysjmd/","https://www.erasmuswop.org",NA,"NEW",NA,NA,NA,NA,NA,"D/C",NA,NA,"NEW",NA,NA,"NEW",NA,"NEW",NA,NA,"NEW","NEW","Barcelona","Barcelona"
"17","Bari","MEGEI",NA,NA,NA,NA,NA,NA,NA,NA,NA,NA,NA,NA,NA,NA,NA,NA,NA,NA,NA,"16.8719083","41.1171488","http://www.ua.ac.be/egei",NA,NA,NA,NA,NA,NA,NA,NA,NA,NA,NA,NA,NA,NA,NA,NA,NA,NA,NA,NA,NA,NA,NA,NA,NA,NA,NA,NA,NA,NA,NA,NA,NA,NA,NA,NA,NA,NA,NA,"Bari","Bari"
"18","Beijing","MARIHE",NA,NA,NA,NA,NA,NA,NA,NA,NA,NA,NA,NA,NA,NA,NA,NA,NA,NA,NA,"116.4074","39.9042","http://www.marihe.eu/",NA,NA,NA,NA,NA,NA,NA,NA,NA,NA,NA,NA,NA,NA,NA,NA,NA,NA,NA,"D/C",NA,NA,NA,NA,NA,NA,NA,NA,NA,NA,NA,NA,NA,NA,NA,NA,NA,NA,NA,"Beijing","Beijing"
"19","Belfast","ME3",NA,NA,NA,NA,NA,NA,NA,NA,NA,NA,NA,NA,NA,NA,NA,NA,NA,NA,NA,"-5.93012","54.597285","http://www.emn.fr/z-de/me3-site/",NA,NA,NA,NA,NA,NA,NA,NA,NA,NA,NA,NA,NA,NA,NA,NA,NA,NA,NA,NA,NA,NA,NA,NA,NA,NA,NA,NA,NA,NA,NA,NA,NA,NA,NA,NA,NA,NA,NA,"Belfast","Belfast"
"20","Belgrade","ASTROMUNDUS",NA,NA,NA,NA,NA,NA,NA,NA,NA,NA,NA,NA,NA,NA,NA,NA,NA,NA,NA,"20.4489216","44.786568","http://www.astromundus.eu/",NA,NA,NA,NA,NA,NA,NA,NA,NA,NA,NA,NA,NA,NA,NA,NA,NA,NA,NA,NA,NA,NA,NA,NA,NA,NA,NA,NA,NA,NA,NA,NA,NA,NA,NA,NA,NA,NA,NA,"Belgrade","Belgrade"
"21","Bergamo","CWCN",NA,NA,NA,NA,NA,NA,NA,NA,NA,NA,NA,NA,NA,NA,NA,NA,NA,NA,NA,"9.6773","45.6983","http://www.munduscrossways.eu/",NA,NA,NA,NA,NA,NA,NA,NA,NA,NA,NA,NA,NA,NA,NA,NA,NA,NA,NA,"D/C",NA,NA,NA,NA,NA,NA,NA,NA,NA,NA,NA,NA,NA,NA,NA,NA,NA,NA,NA,"Bergamo","Bergamo"
"22","Bergen","EMSD","IMBRSea","EMQAL",NA,NA,NA,NA,NA,NA,NA,NA,NA,NA,NA,NA,NA,NA,NA,NA,NA,"5.3220544","60.3912628","http://www.europeansystemdynamics.eu/","http://www.imbrsea.eu/","http://www.emqal.org/",NA,NA,NA,NA,NA,NA,NA,NA,NA,NA,NA,NA,NA,NA,NA,NA,NA,NA,"NEW",NA,NA,NA,NA,NA,NA,NA,NA,NA,NA,NA,NA,NA,NA,NA,NA,NA,NA,"Bergen","Bergen"
"23","Berlin","EPOG","NEURASMUS","IMRD",NA,NA,NA,NA,NA,NA,NA,NA,NA,NA,NA,NA,NA,NA,NA,NA,NA,"13.404954","52.5200066","http://www.epog.eu/","www.neurasmus.u-bordeaux2.fr","http://www.imrd.ugent.be/",NA,NA,NA,NA,NA,NA,NA,NA,NA,NA,NA,NA,NA,NA,NA,NA,NA,NA,"NEW",NA,NA,NA,NA,NA,NA,NA,NA,NA,NA,NA,NA,NA,NA,NA,NA,NA,NA,"Berlin","Berlin"
"24","Bernburg","BIFTEC",NA,NA,NA,NA,NA,NA,NA,NA,NA,NA,NA,NA,NA,NA,NA,NA,NA,NA,NA,"11.7537327","51.7833579","http://www.fet.kuleuven.be/biftec",NA,NA,NA,NA,NA,NA,NA,NA,NA,NA,NA,NA,NA,NA,NA,NA,NA,NA,NA,NA,NA,NA,NA,NA,NA,NA,NA,NA,NA,NA,NA,NA,NA,NA,NA,NA,NA,NA,NA,"Bernburg","Bernburg"
"25","Besançon","EU4M - EMMC",NA,NA,NA,NA,NA,NA,NA,NA,NA,NA,NA,NA,NA,NA,NA,NA,NA,NA,NA,"6.0240539","47.237829","http://www.eu4m.eu/",NA,NA,NA,NA,NA,NA,NA,NA,NA,NA,NA,NA,NA,NA,NA,NA,NA,NA,NA,NA,NA,NA,NA,NA,NA,NA,NA,NA,NA,NA,NA,NA,NA,NA,NA,NA,NA,NA,NA,"Besançon","Besançon"
"26","Bielefeld","QEM",NA,NA,NA,NA,NA,NA,NA,NA,NA,NA,NA,NA,NA,NA,NA,NA,NA,NA,NA,"8.5324708","52.0302285","http://erasmusmundus-qem.univ-paris1.fr/",NA,NA,NA,NA,NA,NA,NA,NA,NA,NA,NA,NA,NA,NA,NA,NA,NA,NA,NA,NA,NA,NA,NA,NA,NA,NA,NA,NA,NA,NA,NA,NA,NA,NA,NA,NA,NA,NA,NA,"Bielefeld","Bielefeld"
"27","Bilbao","EM HRPP","EUROCULTURE","IMBRSea",NA,NA,NA,NA,NA,NA,NA,NA,NA,NA,NA,NA,NA,NA,NA,NA,NA,"-2.935","43.263","http://ws1.roehampton.ac.uk/admissions/erasmusmundus/hrp/index.html","https://www.euroculturemaster.eu/","http://www.imbrsea.eu/",NA,NA,NA,NA,NA,NA,NA,NA,NA,NA,NA,NA,NA,NA,NA,NA,NA,NA,"D/C","NEW",NA,NA,NA,NA,NA,NA,NA,NA,NA,NA,NA,NA,NA,NA,NA,NA,NA,"Bilbao","Bilbao"
"28","Bologna","WOP-P","WACOMA","GEMMA","ASC","ChIR","EMLE","CLE",NA,NA,NA,NA,NA,NA,NA,NA,NA,NA,NA,NA,NA,"11.3426","44.4949","https://www.erasmuswop.org","http://erasmusmundus.uca.es/en/content,3,erasmus-mundus","http://masteres.ugr.es/gemma/","http://www.master-asc.org/","http://www.emmcchir.org/","http://www.emle.org/","http://www.cle.unibo.it/site/",NA,NA,NA,NA,NA,NA,NA,NA,NA,NA,NA,NA,NA,"NEW","D/C","D/C",NA,NA,NA,NA,NA,NA,NA,NA,NA,NA,NA,NA,NA,NA,NA,NA,NA,"Bologna","Bologna"
"29","Bolzano","EMSE",NA,NA,NA,NA,NA,NA,NA,NA,NA,NA,NA,NA,NA,NA,NA,NA,NA,NA,NA,"11.3547582","46.4982953","http://em-se.eu/",NA,NA,NA,NA,NA,NA,NA,NA,NA,NA,NA,NA,NA,NA,NA,NA,NA,NA,NA,NA,NA,NA,NA,NA,NA,NA,NA,NA,NA,NA,NA,NA,NA,NA,NA,NA,NA,NA,NA,"Bolzano","Bolzano"
"30","Bonn","EUROPHILOSOPHIE",NA,NA,NA,NA,NA,NA,NA,NA,NA,NA,NA,NA,NA,NA,NA,NA,NA,NA,NA,"7.0982","50.7374","http://europhilomem.hypotheses.org/",NA,NA,NA,NA,NA,NA,NA,NA,NA,NA,NA,NA,NA,NA,NA,NA,NA,NA,NA,"D/C",NA,NA,NA,NA,NA,NA,NA,NA,NA,NA,NA,NA,NA,NA,NA,NA,NA,NA,NA,"Bonn","Bonn"
"31","Bordeaux","VINIFERA","NEURASMUS","MEREMMC","WINTOUR","FAME",NA,NA,NA,NA,NA,NA,NA,NA,NA,NA,NA,NA,NA,NA,NA,"-0.5792","44.8378","http://vinifera-euromaster.eu/","www.neurasmus.u-bordeaux2.fr","http://www.merconsortium.eu/","http://www.wintour-master.eu/en_index/","http://www.fame-master.com/",NA,NA,NA,NA,NA,NA,NA,NA,NA,NA,NA,NA,NA,NA,NA,NA,"NEW",NA,NA,"D/C",NA,NA,NA,NA,NA,NA,NA,NA,NA,NA,NA,NA,NA,NA,NA,"Bordeaux","Bordeaux"
"32","Braga","EMLex",NA,NA,NA,NA,NA,NA,NA,NA,NA,NA,NA,NA,NA,NA,NA,NA,NA,NA,NA,"-8.4265071","41.5454714","http://www.emlex.phil.uni-erlangen.de/",NA,NA,NA,NA,NA,NA,NA,NA,NA,NA,NA,NA,NA,NA,NA,NA,NA,NA,NA,NA,NA,NA,NA,NA,NA,NA,NA,NA,NA,NA,NA,NA,NA,NA,NA,NA,NA,NA,NA,"Braga","Braga"
"33","Brasilia","WOP-P","MEGEI",NA,NA,NA,NA,NA,NA,NA,NA,NA,NA,NA,NA,NA,NA,NA,NA,NA,NA,"-47.8821658","-15.7942287","https://www.erasmuswop.org","http://www.ua.ac.be/egei",NA,NA,NA,NA,NA,NA,NA,NA,NA,NA,NA,NA,NA,NA,NA,NA,NA,NA,"NEW",NA,NA,NA,NA,NA,NA,NA,NA,NA,NA,NA,NA,NA,NA,NA,NA,NA,NA,NA,"Brasilia","Brasilia"
"34","Brasov","MScEF",NA,NA,NA,NA,NA,NA,NA,NA,NA,NA,NA,NA,NA,NA,NA,NA,NA,NA,NA,"25.6011977","45.6579755","http://www.uef.fi/en/web/mdp-europeanforestry",NA,NA,NA,NA,NA,NA,NA,NA,NA,NA,NA,NA,NA,NA,NA,NA,NA,NA,NA,"NEW",NA,NA,NA,NA,NA,NA,NA,NA,NA,NA,NA,NA,NA,NA,NA,NA,NA,NA,NA,"Brasov","Brasov"
"35","Brisbane","TROPIMUNDO",NA,NA,NA,NA,NA,NA,NA,NA,NA,NA,NA,NA,NA,NA,NA,NA,NA,NA,NA,"153.0251235","-27.4697707","http://www.tropimundo.eu/",NA,NA,NA,NA,NA,NA,NA,NA,NA,NA,NA,NA,NA,NA,NA,NA,NA,NA,NA,NA,NA,NA,NA,NA,NA,NA,NA,NA,NA,NA,NA,NA,NA,NA,NA,NA,NA,NA,NA,"Brisbane","Brisbane"
"36","Brussels","DCLead","4CITIES","BDMA","TROPIMUNDO","4CITIES","MEGEI",NA,NA,NA,NA,NA,NA,NA,NA,NA,NA,NA,NA,NA,NA,"4.3517103","50.8503396","http://www.dclead.eu/","http://www.4cities.eu/","http://bdma.univ-tours.fr/bdma/","http://www.tropimundo.eu/","http://www.4cities.eu/","http://www.ua.ac.be/egei",NA,NA,NA,NA,NA,NA,NA,NA,NA,NA,NA,NA,NA,NA,NA,NA,"NEW",NA,NA,NA,NA,NA,NA,NA,NA,NA,NA,NA,NA,NA,NA,NA,NA,NA,"Brussels","Brussels"
"37","Budapest","VufindR","SSI","ME3","GEMMA","MUNDUS MAPP","IMRCEES","CoDe","EMLex",NA,NA,NA,NA,NA,NA,NA,NA,NA,NA,NA,NA,"19.0402","47.4979","http://www.viewfinder-ma.eu/","http://ssi-master.eu/","http://www.emn.fr/z-de/me3-site/","http://masteres.ugr.es/gemma/","http://www.mundusmapp.org/","http://www.gla.ac.uk/postgraduate/erasmusmundus/imrcees/","http://www.erasmusmundus-code.eu/","http://www.emlex.phil.uni-erlangen.de/",NA,NA,NA,NA,NA,NA,NA,NA,NA,NA,NA,NA,"NEW",NA,NA,"D/C","D/C",NA,NA,NA,NA,NA,NA,NA,NA,NA,NA,NA,NA,NA,NA,NA,"Budapest","Budapest"
"38","Cachan","MONABIP",NA,NA,NA,NA,NA,NA,NA,NA,NA,NA,NA,NA,NA,NA,NA,NA,NA,NA,NA,"2.331433","48.791855","http://www.monabiphot.ens-cachan.fr/",NA,NA,NA,NA,NA,NA,NA,NA,NA,NA,NA,NA,NA,NA,NA,NA,NA,NA,NA,NA,NA,NA,NA,NA,NA,NA,NA,NA,NA,NA,NA,NA,NA,NA,NA,NA,NA,NA,NA,"Cachan","Cachan"
"39","Cadiz","WACOMA","EMQAL",NA,NA,NA,NA,NA,NA,NA,NA,NA,NA,NA,NA,NA,NA,NA,NA,NA,NA,"-6.2886","36.5271","http://erasmusmundus.uca.es/en/content,3,erasmus-mundus","http://www.emqal.org/",NA,NA,NA,NA,NA,NA,NA,NA,NA,NA,NA,NA,NA,NA,NA,NA,NA,NA,"D/C",NA,NA,NA,NA,NA,NA,NA,NA,NA,NA,NA,NA,NA,NA,NA,NA,NA,NA,NA,"Cadiz","Cadiz"
"40","Caen","NUPHYS",NA,NA,NA,NA,NA,NA,NA,NA,NA,NA,NA,NA,NA,NA,NA,NA,NA,NA,NA,"-0.370679","49.182863","alojamientosv.us.es/nuphysjmd/",NA,NA,NA,NA,NA,NA,NA,NA,NA,NA,NA,NA,NA,NA,NA,NA,NA,NA,NA,"NEW",NA,NA,NA,NA,NA,NA,NA,NA,NA,NA,NA,NA,NA,NA,NA,NA,NA,NA,NA,"Caen","Caen"
"41","Cairo","ESTeDe",NA,NA,NA,NA,NA,NA,NA,NA,NA,NA,NA,NA,NA,NA,NA,NA,NA,NA,NA,"31.2357116","30.0444196","http://www.em-stede.eu/",NA,NA,NA,NA,NA,NA,NA,NA,NA,NA,NA,NA,NA,NA,NA,NA,NA,NA,NA,"NEW",NA,NA,NA,NA,NA,NA,NA,NA,NA,NA,NA,NA,NA,NA,NA,NA,NA,NA,NA,"Cairo","Cairo"
"42","Cambridge","MEME",NA,NA,NA,NA,NA,NA,NA,NA,NA,NA,NA,NA,NA,NA,NA,NA,NA,NA,NA,"-71.1097335","42.3736158","http://www.evobio.eu/",NA,NA,NA,NA,NA,NA,NA,NA,NA,NA,NA,NA,NA,NA,NA,NA,NA,NA,NA,NA,NA,NA,NA,NA,NA,NA,NA,NA,NA,NA,NA,NA,NA,NA,NA,NA,NA,NA,NA,"Cambridge","Cambridge"
"43","Campo Grande","ESTeDe",NA,NA,NA,NA,NA,NA,NA,NA,NA,NA,NA,NA,NA,NA,NA,NA,NA,NA,NA,"-54.6202365","-20.4697645","http://www.em-stede.eu/",NA,NA,NA,NA,NA,NA,NA,NA,NA,NA,NA,NA,NA,NA,NA,NA,NA,NA,NA,"NEW",NA,NA,NA,NA,NA,NA,NA,NA,NA,NA,NA,NA,NA,NA,NA,NA,NA,NA,NA,"Campo Grande","Campo Grande"
"44","Cardiff","PLANET Europe",NA,NA,NA,NA,NA,NA,NA,NA,NA,NA,NA,NA,NA,NA,NA,NA,NA,NA,NA,"-3.1791","51.4816","http://www.planet-europe.eu/",NA,NA,NA,NA,NA,NA,NA,NA,NA,NA,NA,NA,NA,NA,NA,NA,NA,NA,NA,"D/C",NA,NA,NA,NA,NA,NA,NA,NA,NA,NA,NA,NA,NA,NA,NA,NA,NA,NA,NA,"Cardiff","Cardiff"
"45","Cassino","MAIA",NA,NA,NA,NA,NA,NA,NA,NA,NA,NA,NA,NA,NA,NA,NA,NA,NA,NA,NA,"13.8332193","41.4866953","http://www.maiamaster.org/",NA,NA,NA,NA,NA,NA,NA,NA,NA,NA,NA,NA,NA,NA,NA,NA,NA,NA,NA,NA,NA,NA,NA,NA,NA,NA,NA,NA,NA,NA,NA,NA,NA,NA,NA,NA,NA,NA,NA,"Cassino","Cassino"
"46","Castellón de la Plana","EMARO+","GeoTech",NA,NA,NA,NA,NA,NA,NA,NA,NA,NA,NA,NA,NA,NA,NA,NA,NA,NA,"-0.0513246","39.9863563","http://emaro.irccyn.ec-nantes.fr/","http://mastergeotech.info/",NA,NA,NA,NA,NA,NA,NA,NA,NA,NA,NA,NA,NA,NA,NA,NA,NA,NA,NA,NA,NA,NA,NA,NA,NA,NA,NA,NA,NA,NA,NA,NA,NA,NA,NA,NA,NA,NA,"Castellón de la Plana","Castellón de la Plana"
"47","Catania","NUPHYS",NA,NA,NA,NA,NA,NA,NA,NA,NA,NA,NA,NA,NA,NA,NA,NA,NA,NA,NA,"15.0830304","37.5078772","alojamientosv.us.es/nuphysjmd/",NA,NA,NA,NA,NA,NA,NA,NA,NA,NA,NA,NA,NA,NA,NA,NA,NA,NA,NA,"NEW",NA,NA,NA,NA,NA,NA,NA,NA,NA,NA,NA,NA,NA,NA,NA,NA,NA,NA,NA,"Catania","Catania"
"48","Chania","EDAMUS",NA,NA,NA,NA,NA,NA,NA,NA,NA,NA,NA,NA,NA,NA,NA,NA,NA,NA,NA,"24.018","35.5138","http://www.master-edamus.eu/",NA,NA,NA,NA,NA,NA,NA,NA,NA,NA,NA,NA,NA,NA,NA,NA,NA,NA,NA,"D/C",NA,NA,NA,NA,NA,NA,NA,NA,NA,NA,NA,NA,NA,NA,NA,NA,NA,NA,NA,"Chania","Chania"
"49","Chennai","EuroAquae+",NA,NA,NA,NA,NA,NA,NA,NA,NA,NA,NA,NA,NA,NA,NA,NA,NA,NA,NA,"80.233903","12.9908081","http://master.euroaquae.eu/",NA,NA,NA,NA,NA,NA,NA,NA,NA,NA,NA,NA,NA,NA,NA,NA,NA,NA,NA,"NEW",NA,NA,NA,NA,NA,NA,NA,NA,NA,NA,NA,NA,NA,NA,NA,NA,NA,NA,NA,"Chennai","Chennai"
"50","Chicago","WOP-P",NA,NA,NA,NA,NA,NA,NA,NA,NA,NA,NA,NA,NA,NA,NA,NA,NA,NA,NA,"-87.6297982","41.8781136","https://www.erasmuswop.org",NA,NA,NA,NA,NA,NA,NA,NA,NA,NA,NA,NA,NA,NA,NA,NA,NA,NA,NA,"NEW",NA,NA,NA,NA,NA,NA,NA,NA,NA,NA,NA,NA,NA,NA,NA,NA,NA,NA,NA,"Chicago","Chicago"
"51","Clermont-Ferrand","GLODEP",NA,NA,NA,NA,NA,NA,NA,NA,NA,NA,NA,NA,NA,NA,NA,NA,NA,NA,NA,"3.087025","45.777222","http://glodep.eu/",NA,NA,NA,NA,NA,NA,NA,NA,NA,NA,NA,NA,NA,NA,NA,NA,NA,NA,NA,"NEW",NA,NA,NA,NA,NA,NA,NA,NA,NA,NA,NA,NA,NA,NA,NA,NA,NA,NA,NA,"Clermont-Ferrand","Clermont-Ferrand"
"52","Cluj","MITRA",NA,NA,NA,NA,NA,NA,NA,NA,NA,NA,NA,NA,NA,NA,NA,NA,NA,NA,NA,"23.6236","46.7712","http://mastermitra.univ-lille3.fr/",NA,NA,NA,NA,NA,NA,NA,NA,NA,NA,NA,NA,NA,NA,NA,NA,NA,NA,NA,"D/C",NA,NA,NA,NA,NA,NA,NA,NA,NA,NA,NA,NA,NA,NA,NA,NA,NA,NA,NA,"Cluj","Cluj"
"53","Coimbra","STEPS","TRIBOS","EUROPHILOSOPHIE","SUSCOS","IMAE","WOP-P",NA,NA,NA,NA,NA,NA,NA,NA,NA,NA,NA,NA,NA,NA,"-8.4404","40.2048","http://emmcsteps.uniovi.es/","http://www.master-tribos.eu/","http://europhilomem.hypotheses.org/","http://steel.fsv.cvut.cz/suscos/","http://www.emmc-imae.org/","https://www.erasmuswop.org",NA,NA,NA,NA,NA,NA,NA,NA,NA,NA,NA,NA,NA,NA,NA,NA,"D/C","D/C",NA,"NEW",NA,NA,NA,NA,NA,NA,NA,NA,NA,NA,NA,NA,NA,NA,"Coimbra","Coimbra"
"54","Constantine","EDAMUS",NA,NA,NA,NA,NA,NA,NA,NA,NA,NA,NA,NA,NA,NA,NA,NA,NA,NA,NA,"6.6424","36.3602","http://www.master-edamus.eu/",NA,NA,NA,NA,NA,NA,NA,NA,NA,NA,NA,NA,NA,NA,NA,NA,NA,NA,NA,"D/C",NA,NA,NA,NA,NA,NA,NA,NA,NA,NA,NA,NA,NA,NA,NA,NA,NA,NA,NA,"Constantine","Constantine"
"55","Copenhagen","SUFONAMA","4CITIES",NA,NA,NA,NA,NA,NA,NA,NA,NA,NA,NA,NA,NA,NA,NA,NA,NA,NA,"12.5683","55.6761","http://sufonama.eu/","http://www.4cities.eu/",NA,NA,NA,NA,NA,NA,NA,NA,NA,NA,NA,NA,NA,NA,NA,NA,NA,NA,"D/C",NA,NA,NA,NA,NA,NA,NA,NA,NA,NA,NA,NA,NA,NA,NA,NA,NA,NA,NA,"Copenhagen","Copenhagen"
"56","Cork","MITRA",NA,NA,NA,NA,NA,NA,NA,NA,NA,NA,NA,NA,NA,NA,NA,NA,NA,NA,NA,"-8.4863","51.8969","http://mastermitra.univ-lille3.fr/",NA,NA,NA,NA,NA,NA,NA,NA,NA,NA,NA,NA,NA,NA,NA,NA,NA,NA,NA,"D/C",NA,NA,NA,NA,NA,NA,NA,NA,NA,NA,NA,NA,NA,NA,NA,NA,NA,NA,NA,"Cork","Cork"
"57","Cottbus","EuroAquae+",NA,NA,NA,NA,NA,NA,NA,NA,NA,NA,NA,NA,NA,NA,NA,NA,NA,NA,NA,"14.3328679","51.7563108","http://master.euroaquae.eu/",NA,NA,NA,NA,NA,NA,NA,NA,NA,NA,NA,NA,NA,NA,NA,NA,NA,NA,NA,"NEW",NA,NA,NA,NA,NA,NA,NA,NA,NA,NA,NA,NA,NA,NA,NA,NA,NA,NA,NA,"Cottbus","Cottbus"
"58","Cranfield","SPACEMASTER",NA,NA,NA,NA,NA,NA,NA,NA,NA,NA,NA,NA,NA,NA,NA,NA,NA,NA,NA,"-0.6087411","52.0686347","http://www.spacemaster.eu/",NA,NA,NA,NA,NA,NA,NA,NA,NA,NA,NA,NA,NA,NA,NA,NA,NA,NA,NA,NA,NA,NA,NA,NA,NA,NA,NA,NA,NA,NA,NA,NA,NA,NA,NA,NA,NA,NA,NA,"Cranfield","Cranfield"
"59","Dakar","CLE","MITRA",NA,NA,NA,NA,NA,NA,NA,NA,NA,NA,NA,NA,NA,NA,NA,NA,NA,NA,"-17.3660286","14.7645042","http://www.cle.unibo.it/site/","http://mastermitra.univ-lille3.fr/",NA,NA,NA,NA,NA,NA,NA,NA,NA,NA,NA,NA,NA,NA,NA,NA,NA,NA,NA,"D/C",NA,NA,NA,NA,NA,NA,NA,NA,NA,NA,NA,NA,NA,NA,NA,NA,NA,NA,"Dakar","Dakar"
"60","Darmstadt","MUNDUS URBANO","FAME",NA,NA,NA,NA,NA,NA,NA,NA,NA,NA,NA,NA,NA,NA,NA,NA,NA,NA,"8.6511929","49.8728253","http://www.mundus-urbano.eu/","http://www.fame-master.com/",NA,NA,NA,NA,NA,NA,NA,NA,NA,NA,NA,NA,NA,NA,NA,NA,NA,NA,NA,"D/C",NA,NA,NA,NA,NA,NA,NA,NA,NA,NA,NA,NA,NA,NA,NA,NA,NA,NA,"Darmstadt","Darmstadt"
"61","Debrecen","EM-SANF",NA,NA,NA,NA,NA,NA,NA,NA,NA,NA,NA,NA,NA,NA,NA,NA,NA,NA,NA,"21.6273","47.5316","http://www.emsanf.eu/UK/",NA,NA,NA,NA,NA,NA,NA,NA,NA,NA,NA,NA,NA,NA,NA,NA,NA,NA,NA,"D/C",NA,NA,NA,NA,NA,NA,NA,NA,NA,NA,NA,NA,NA,NA,NA,NA,NA,NA,NA,"Debrecen","Debrecen"
"62","Delft","EWEM","CoMEM","GroundwatCH",NA,NA,NA,NA,NA,NA,NA,NA,NA,NA,NA,NA,NA,NA,NA,NA,NA,"4.3570677","52.0115769","http://www.windenergymaster.eu/","http://www.ntnu.edu/studies/mscomem","http://www.groundwatermaster.eu/",NA,NA,NA,NA,NA,NA,NA,NA,NA,NA,NA,NA,NA,NA,NA,NA,NA,"D/C",NA,NA,NA,NA,NA,NA,NA,NA,NA,NA,NA,NA,NA,NA,NA,NA,NA,NA,NA,"Delft","Delft"
"63","Dijon","MAIA",NA,NA,NA,NA,NA,NA,NA,NA,NA,NA,NA,NA,NA,NA,NA,NA,NA,NA,NA,"5.04148","47.322047","http://www.maiamaster.org/",NA,NA,NA,NA,NA,NA,NA,NA,NA,NA,NA,NA,NA,NA,NA,NA,NA,NA,NA,NA,NA,NA,NA,NA,NA,NA,NA,NA,NA,NA,NA,NA,NA,NA,NA,NA,NA,NA,NA,"Dijon","Dijon"
"64","Dresden","CARTO","EMM-Nano","GroundwatCH",NA,NA,NA,NA,NA,NA,NA,NA,NA,NA,NA,NA,NA,NA,NA,NA,NA,"13.7372621","51.0504088","http://www.cartographymaster.eu/","http://www.emm-nano.org/","http://www.groundwatermaster.eu/",NA,NA,NA,NA,NA,NA,NA,NA,NA,NA,NA,NA,NA,NA,NA,NA,NA,NA,NA,NA,NA,NA,NA,NA,NA,NA,NA,NA,NA,NA,NA,NA,NA,NA,NA,NA,NA,"Dresden","Dresden"
"65","Dschang","TROPIMUNDO",NA,NA,NA,NA,NA,NA,NA,NA,NA,NA,NA,NA,NA,NA,NA,NA,NA,NA,NA,"10.0471549","5.4459387","http://www.tropimundo.eu/",NA,NA,NA,NA,NA,NA,NA,NA,NA,NA,NA,NA,NA,NA,NA,NA,NA,NA,NA,NA,NA,NA,NA,NA,NA,NA,NA,NA,NA,NA,NA,NA,NA,NA,NA,NA,NA,NA,NA,"Dschang","Dschang"
"66","Dublin","IMSISS","FIPDes","VufindR",NA,NA,NA,NA,NA,NA,NA,NA,NA,NA,NA,NA,NA,NA,NA,NA,NA,"-6.2676448","53.3386609","http://www.gla.ac.uk/postgraduate/erasmusmundus/imsiss/","http://www.fipdes.eu/","http://www.viewfinder-ma.eu/",NA,NA,NA,NA,NA,NA,NA,NA,NA,NA,NA,NA,NA,NA,NA,NA,NA,"NEW","NEW","NEW",NA,NA,NA,NA,NA,NA,NA,NA,NA,NA,NA,NA,NA,NA,NA,NA,NA,"Dublin","Dublin"
"67","Edinburgh","KINOEYES | KEM","IMIM","MSPME","ChIR","SSI","IMFSE","IDOH",NA,NA,NA,NA,NA,NA,NA,NA,NA,NA,NA,NA,NA,"-3.1883","55.9533","http://www.kinoeyes.eu/","http://www.imim.polimi.it/","http://www.mspme.org/","http://www.emmcchir.org/","http://ssi-master.eu/","http://www.imfse.ugent.be/","http://infectious-diseases-one-health.eu/#services-tou",NA,NA,NA,NA,NA,NA,NA,NA,NA,NA,NA,NA,NA,NA,NA,"D/C",NA,NA,NA,"NEW",NA,NA,NA,NA,NA,NA,NA,NA,NA,NA,NA,NA,NA,"Edinburgh","Edinburgh"
"68","Einhoven","BDMA",NA,NA,NA,NA,NA,NA,NA,NA,NA,NA,NA,NA,NA,NA,NA,NA,NA,NA,NA,"5.490714","51.4486098","http://bdma.univ-tours.fr/bdma/",NA,NA,NA,NA,NA,NA,NA,NA,NA,NA,NA,NA,NA,NA,NA,NA,NA,NA,NA,"NEW",NA,NA,NA,NA,NA,NA,NA,NA,NA,NA,NA,NA,NA,NA,NA,NA,NA,NA,NA,"Einhoven","Einhoven"
"69","Enschede","CARTO",NA,NA,NA,NA,NA,NA,NA,NA,NA,NA,NA,NA,NA,NA,NA,NA,NA,NA,NA,"6.8936619","52.2215372","http://www.cartographymaster.eu/",NA,NA,NA,NA,NA,NA,NA,NA,NA,NA,NA,NA,NA,NA,NA,NA,NA,NA,NA,NA,NA,NA,NA,NA,NA,NA,NA,NA,NA,NA,NA,NA,NA,NA,NA,NA,NA,NA,NA,"Enschede","Enschede"
"70","Evora","ARCHMAT","TPTI","TPTI",NA,NA,NA,NA,NA,NA,NA,NA,NA,NA,NA,NA,NA,NA,NA,NA,NA,"-7.9093074","38.5707119","http://www.erasmusmundus-archmat.uevora.pt/","http://www.tpti.eu/","http://www.tpti.eu/",NA,NA,NA,NA,NA,NA,NA,NA,NA,NA,NA,NA,NA,NA,NA,NA,NA,NA,NA,"D/C",NA,NA,NA,NA,NA,NA,NA,NA,NA,NA,NA,NA,NA,NA,NA,NA,NA,"Evora","Evora"
"71","Faro","EMQAL","WACOMA","EMECC NURSING","ChIR","EMECC NURSING",NA,NA,NA,NA,NA,NA,NA,NA,NA,NA,NA,NA,NA,NA,NA,"-7.9374948","37.0103271","http://www.emqal.org/","http://erasmusmundus.uca.es/en/content,3,erasmus-mundus","http://masternursing.uniovi.es/","http://www.emmcchir.org/","http://masternursing.uniovi.es/",NA,NA,NA,NA,NA,NA,NA,NA,NA,NA,NA,NA,NA,NA,NA,NA,"D/C",NA,NA,"D/C",NA,NA,NA,NA,NA,NA,NA,NA,NA,NA,NA,NA,NA,NA,NA,"Faro","Faro"
"72","Ferrara","IMQP",NA,NA,NA,NA,NA,NA,NA,NA,NA,NA,NA,NA,NA,NA,NA,NA,NA,NA,NA,"11.619787","44.8381237","https://sites.google.com/a/unife.it/quaternary-prehistory/",NA,NA,NA,NA,NA,NA,NA,NA,NA,NA,NA,NA,NA,NA,NA,NA,NA,NA,NA,NA,NA,NA,NA,NA,NA,NA,NA,NA,NA,NA,NA,NA,NA,NA,NA,NA,NA,NA,NA,"Ferrara","Ferrara"
"73","Florence","TROPIMUNDO",NA,NA,NA,NA,NA,NA,NA,NA,NA,NA,NA,NA,NA,NA,NA,NA,NA,NA,NA,"11.2558136","43.7695604","http://www.tropimundo.eu/",NA,NA,NA,NA,NA,NA,NA,NA,NA,NA,NA,NA,NA,NA,NA,NA,NA,NA,NA,NA,NA,NA,NA,NA,NA,NA,NA,NA,NA,NA,NA,NA,NA,NA,NA,NA,NA,NA,NA,"Florence","Florence"
"74","Freiberg","EMERALD",NA,NA,NA,NA,NA,NA,NA,NA,NA,NA,NA,NA,NA,NA,NA,NA,NA,NA,NA,"13.341727","50.9128283","http://em-georesources.eu/",NA,NA,NA,NA,NA,NA,NA,NA,NA,NA,NA,NA,NA,NA,NA,NA,NA,NA,NA,NA,NA,NA,NA,NA,NA,NA,NA,NA,NA,NA,NA,NA,NA,NA,NA,NA,NA,NA,NA,"Freiberg","Freiberg"
"75","Freiburg","MScEF",NA,NA,NA,NA,NA,NA,NA,NA,NA,NA,NA,NA,NA,NA,NA,NA,NA,NA,NA,"7.8421043","47.9990077","http://www.uef.fi/en/web/mdp-europeanforestry",NA,NA,NA,NA,NA,NA,NA,NA,NA,NA,NA,NA,NA,NA,NA,NA,NA,NA,NA,"NEW",NA,NA,NA,NA,NA,NA,NA,NA,NA,NA,NA,NA,NA,NA,NA,NA,NA,NA,NA,"Freiburg","Freiburg"
"76","Galati","EMSHIP",NA,NA,NA,NA,NA,NA,NA,NA,NA,NA,NA,NA,NA,NA,NA,NA,NA,NA,NA,"28.0079945","45.4353208","http://www.emship.eu/",NA,NA,NA,NA,NA,NA,NA,NA,NA,NA,NA,NA,NA,NA,NA,NA,NA,NA,NA,NA,NA,NA,NA,NA,NA,NA,NA,NA,NA,NA,NA,NA,NA,NA,NA,NA,NA,NA,NA,"Galati","Galati"
"77","Galway","IMBRSea",NA,NA,NA,NA,NA,NA,NA,NA,NA,NA,NA,NA,NA,NA,NA,NA,NA,NA,NA,"-9.0567905","53.270668","http://www.imbrsea.eu/",NA,NA,NA,NA,NA,NA,NA,NA,NA,NA,NA,NA,NA,NA,NA,NA,NA,NA,NA,"NEW",NA,NA,NA,NA,NA,NA,NA,NA,NA,NA,NA,NA,NA,NA,NA,NA,NA,NA,NA,"Galway","Galway"
"78","Gdansk","MATHMODS","EMQAL",NA,NA,NA,NA,NA,NA,NA,NA,NA,NA,NA,NA,NA,NA,NA,NA,NA,NA,"18.6466384","54.3520252","http://www.mathmods.eu/","http://www.emqal.org/",NA,NA,NA,NA,NA,NA,NA,NA,NA,NA,NA,NA,NA,NA,NA,NA,NA,NA,NA,NA,NA,NA,NA,NA,NA,NA,NA,NA,NA,NA,NA,NA,NA,NA,NA,NA,NA,NA,"Gdansk","Gdansk"
"79","Geisenheim","VINIFERA",NA,NA,NA,NA,NA,NA,NA,NA,NA,NA,NA,NA,NA,NA,NA,NA,NA,NA,NA,"7.9666942","49.9864335","http://vinifera-euromaster.eu/",NA,NA,NA,NA,NA,NA,NA,NA,NA,NA,NA,NA,NA,NA,NA,NA,NA,NA,NA,NA,NA,NA,NA,NA,NA,NA,NA,NA,NA,NA,NA,NA,NA,NA,NA,NA,NA,NA,NA,"Geisenheim","Geisenheim"
"80","Genova","SERP+","EMARO+","EMSHIP",NA,NA,NA,NA,NA,NA,NA,NA,NA,NA,NA,NA,NA,NA,NA,NA,NA,"8.946256","44.4056499","http://www.master-serp.eu/","http://emaro.irccyn.ec-nantes.fr/","http://www.emship.eu/",NA,NA,NA,NA,NA,NA,NA,NA,NA,NA,NA,NA,NA,NA,NA,NA,NA,"NEW",NA,NA,NA,NA,NA,NA,NA,NA,NA,NA,NA,NA,NA,NA,NA,NA,NA,NA,NA,"Genova","Genova"
"81","Ghent","IMFSE","IMBRSea","IMRD","BIFTEC",NA,NA,NA,NA,NA,NA,NA,NA,NA,NA,NA,NA,NA,NA,NA,NA,"3.7174243","51.0543422","http://www.imfse.ugent.be/","http://www.imbrsea.eu/","http://www.imrd.ugent.be/","http://www.fet.kuleuven.be/biftec",NA,NA,NA,NA,NA,NA,NA,NA,NA,NA,NA,NA,NA,NA,NA,NA,NA,"NEW",NA,NA,NA,NA,NA,NA,NA,NA,NA,NA,NA,NA,NA,NA,NA,NA,NA,NA,"Ghent","Ghent"
"82","Giessen","EUCOMOR",NA,NA,NA,NA,NA,NA,NA,NA,NA,NA,NA,NA,NA,NA,NA,NA,NA,NA,NA,"8.6784031","50.5840512","http://www.eucomor.net/",NA,NA,NA,NA,NA,NA,NA,NA,NA,NA,NA,NA,NA,NA,NA,NA,NA,NA,NA,NA,NA,NA,NA,NA,NA,NA,NA,NA,NA,NA,NA,NA,NA,NA,NA,NA,NA,NA,NA,"Giessen","Giessen"
"83","Girona","MAIA","EMTM",NA,NA,NA,NA,NA,NA,NA,NA,NA,NA,NA,NA,NA,NA,NA,NA,NA,NA,"2.8214264","41.9794005","http://www.maiamaster.org/","http://www.emtmmaster.net/",NA,NA,NA,NA,NA,NA,NA,NA,NA,NA,NA,NA,NA,NA,NA,NA,NA,NA,NA,NA,NA,NA,NA,NA,NA,NA,NA,NA,NA,NA,NA,NA,NA,NA,NA,NA,NA,NA,"Girona","Girona"
"84","Giza","EU4M - EMMC",NA,NA,NA,NA,NA,NA,NA,NA,NA,NA,NA,NA,NA,NA,NA,NA,NA,NA,NA,"31.2088526","30.0130557","http://www.eu4m.eu/",NA,NA,NA,NA,NA,NA,NA,NA,NA,NA,NA,NA,NA,NA,NA,NA,NA,NA,NA,NA,NA,NA,NA,NA,NA,NA,NA,NA,NA,NA,NA,NA,NA,NA,NA,NA,NA,NA,NA,"Giza","Giza"
"85","Gjovik","COSI",NA,NA,NA,NA,NA,NA,NA,NA,NA,NA,NA,NA,NA,NA,NA,NA,NA,NA,NA,"10.6916303","60.7954302","http://www.master-colorscience.eu/",NA,NA,NA,NA,NA,NA,NA,NA,NA,NA,NA,NA,NA,NA,NA,NA,NA,NA,NA,NA,NA,NA,NA,NA,NA,NA,NA,NA,NA,NA,NA,NA,NA,NA,NA,NA,NA,NA,NA,"Gjovik","Gjovik"
"86","Glasgow","IMSISS","IMRCEES","GLOCAL","IMAESC",NA,NA,NA,NA,NA,NA,NA,NA,NA,NA,NA,NA,NA,NA,NA,NA,"-4.251806","55.864237","http://www.gla.ac.uk/postgraduate/erasmusmundus/imsiss/","http://www.gla.ac.uk/postgraduate/erasmusmundus/imrcees/","http://www.gla.ac.uk/postgraduate/erasmusmundus/glocal/","http://www.gla.ac.uk/postgraduate/erasmusmundus/imaesc/",NA,NA,NA,NA,NA,NA,NA,NA,NA,NA,NA,NA,NA,NA,NA,NA,"NEW",NA,"NEW",NA,NA,NA,NA,NA,NA,NA,NA,NA,NA,NA,NA,NA,NA,NA,NA,NA,"Glasgow","Glasgow"
"87","Gothenburg","EMM-Nano","EM HRPP","MFAMILY",NA,NA,NA,NA,NA,NA,NA,NA,NA,NA,NA,NA,NA,NA,NA,NA,NA,"11.97456","57.70887","http://www.emm-nano.org/","http://ws1.roehampton.ac.uk/admissions/erasmusmundus/hrp/index.html","http://www.mfamily.eu/",NA,NA,NA,NA,NA,NA,NA,NA,NA,NA,NA,NA,NA,NA,NA,NA,NA,NA,NA,NA,NA,NA,NA,NA,NA,NA,NA,NA,NA,NA,NA,NA,NA,NA,NA,NA,NA,"Gothenburg","Gothenburg"
"88","Göttingen","NEURASMUS","EUROCULTURE","PlantHealth","ASTROMUNDUS","GLOCAL","SUFONAMA",NA,NA,NA,NA,NA,NA,NA,NA,NA,NA,NA,NA,NA,NA,"9.9158","51.5413","www.neurasmus.u-bordeaux2.fr","https://www.euroculturemaster.eu/","http://planthealth.upv.es/","http://www.astromundus.eu/","http://www.gla.ac.uk/postgraduate/erasmusmundus/glocal/","http://sufonama.eu/",NA,NA,NA,NA,NA,NA,NA,NA,NA,NA,NA,NA,NA,NA,"NEW","D/C",NA,NA,"NEW","D/C",NA,NA,NA,NA,NA,NA,NA,NA,NA,NA,NA,NA,NA,NA,"Göttingen","Göttingen"
"89","Granada","GEMMA","EPH+","COSI",NA,NA,NA,NA,NA,NA,NA,NA,NA,NA,NA,NA,NA,NA,NA,NA,NA,"-3.5986","37.1773","http://masteres.ugr.es/gemma/","http://www.europubhealth.org/","http://www.master-colorscience.eu/",NA,NA,NA,NA,NA,NA,NA,NA,NA,NA,NA,NA,NA,NA,NA,NA,NA,"D/C","NEW",NA,NA,NA,NA,NA,NA,NA,NA,NA,NA,NA,NA,NA,NA,NA,NA,NA,NA,"Granada","Granada"
"90","Grenoble","FAME","EMM-Nano","MUNDUS URBANO","MEEES",NA,NA,NA,NA,NA,NA,NA,NA,NA,NA,NA,NA,NA,NA,NA,NA,"5.7245","45.1885","http://www.fame-master.com/","http://www.emm-nano.org/","http://www.mundus-urbano.eu/","http://www.meees.org/",NA,NA,NA,NA,NA,NA,NA,NA,NA,NA,NA,NA,NA,NA,NA,NA,"D/C",NA,NA,NA,NA,NA,NA,NA,NA,NA,NA,NA,NA,NA,NA,NA,NA,NA,NA,NA,"Grenoble","Grenoble"
"91","Groningen","LCT","EUROCULTURE","MEME","EMCL+","TCCM","IMIM Med",NA,NA,NA,NA,NA,NA,NA,NA,NA,NA,NA,NA,NA,NA,"6.5665","53.2194","http://www.lct-master.org/","https://www.euroculturemaster.eu/","http://www.evobio.eu/","http://emcl.eu/","http://www.emtccm.org/","http://www.innovativemedicine.eu/",NA,NA,NA,NA,NA,NA,NA,NA,NA,NA,NA,NA,NA,NA,NA,"D/C",NA,"NEW",NA,NA,NA,NA,NA,NA,NA,NA,NA,NA,NA,NA,NA,NA,NA,NA,"Groningen","Groningen"
"92","Guelph","WOP-P",NA,NA,NA,NA,NA,NA,NA,NA,NA,NA,NA,NA,NA,NA,NA,NA,NA,NA,NA,"-80.2481666","43.5448048","https://www.erasmuswop.org",NA,NA,NA,NA,NA,NA,NA,NA,NA,NA,NA,NA,NA,NA,NA,NA,NA,NA,NA,"NEW",NA,NA,NA,NA,NA,NA,NA,NA,NA,NA,NA,NA,NA,NA,NA,NA,NA,NA,NA,"Guelph","Guelph"
"93","Haifa","EMLE",NA,NA,NA,NA,NA,NA,NA,NA,NA,NA,NA,NA,NA,NA,NA,NA,NA,NA,NA,"34.989571","32.7940463","http://www.emle.org/",NA,NA,NA,NA,NA,NA,NA,NA,NA,NA,NA,NA,NA,NA,NA,NA,NA,NA,NA,NA,NA,NA,NA,NA,NA,NA,NA,NA,NA,NA,NA,NA,NA,NA,NA,NA,NA,NA,NA,"Haifa","Haifa"
"94","Hamburg","MUNDUS JOURNALISM","MATHMODS","EMLE",NA,NA,NA,NA,NA,NA,NA,NA,NA,NA,NA,NA,NA,NA,NA,NA,NA,"9.9936818","53.5510846","http://www.mundusjournalism.com/","http://www.mathmods.eu/","http://www.emle.org/",NA,NA,NA,NA,NA,NA,NA,NA,NA,NA,NA,NA,NA,NA,NA,NA,NA,NA,NA,NA,NA,NA,NA,NA,NA,NA,NA,NA,NA,NA,NA,NA,NA,NA,NA,NA,NA,"Hamburg","Hamburg"
"95","Heidelberg","IMIM Med",NA,NA,NA,NA,NA,NA,NA,NA,NA,NA,NA,NA,NA,NA,NA,NA,NA,NA,NA,"8.6724335","49.3987524","http://www.innovativemedicine.eu/",NA,NA,NA,NA,NA,NA,NA,NA,NA,NA,NA,NA,NA,NA,NA,NA,NA,NA,NA,NA,NA,NA,NA,NA,NA,NA,NA,NA,NA,NA,NA,NA,NA,NA,NA,NA,NA,NA,NA,"Heidelberg","Heidelberg"
"96","Helsinki","SPACEMASTER","EMECC NURSING","EMECC NURSING","ASC",NA,NA,NA,NA,NA,NA,NA,NA,NA,NA,NA,NA,NA,NA,NA,NA,"24.938379","60.1698557","http://www.spacemaster.eu/","http://masternursing.uniovi.es/","http://masternursing.uniovi.es/","http://www.master-asc.org/",NA,NA,NA,NA,NA,NA,NA,NA,NA,NA,NA,NA,NA,NA,NA,NA,NA,"D/C",NA,NA,NA,NA,NA,NA,NA,NA,NA,NA,NA,NA,NA,NA,NA,NA,NA,NA,"Helsinki","Helsinki"
"97","Henan","EuroAquae+",NA,NA,NA,NA,NA,NA,NA,NA,NA,NA,NA,NA,NA,NA,NA,NA,NA,NA,NA,"113.794504","34.7813236","http://master.euroaquae.eu/",NA,NA,NA,NA,NA,NA,NA,NA,NA,NA,NA,NA,NA,NA,NA,NA,NA,NA,NA,"NEW",NA,NA,NA,NA,NA,NA,NA,NA,NA,NA,NA,NA,NA,NA,NA,NA,NA,NA,NA,"Henan","Henan"
"98","Heraklion","ACES",NA,NA,NA,NA,NA,NA,NA,NA,NA,NA,NA,NA,NA,NA,NA,NA,NA,NA,NA,"25.1442126","35.3387352","http://www.sams.ac.uk/aces-erasmus",NA,NA,NA,NA,NA,NA,NA,NA,NA,NA,NA,NA,NA,NA,NA,NA,NA,NA,NA,NA,NA,NA,NA,NA,NA,NA,NA,NA,NA,NA,NA,NA,NA,NA,NA,NA,NA,NA,NA,"Heraklion","Heraklion"
"99","Hildesheim","EMLex",NA,NA,NA,NA,NA,NA,NA,NA,NA,NA,NA,NA,NA,NA,NA,NA,NA,NA,NA,"9.9579652","52.154778","http://www.emlex.phil.uni-erlangen.de/",NA,NA,NA,NA,NA,NA,NA,NA,NA,NA,NA,NA,NA,NA,NA,NA,NA,NA,NA,NA,NA,NA,NA,NA,NA,NA,NA,NA,NA,NA,NA,NA,NA,NA,NA,NA,NA,NA,NA,"Hildesheim","Hildesheim"
"100","Hohai","EuroAquae+",NA,NA,NA,NA,NA,NA,NA,NA,NA,NA,NA,NA,NA,NA,NA,NA,NA,NA,NA,"118.7568","32.054174","http://master.euroaquae.eu/",NA,NA,NA,NA,NA,NA,NA,NA,NA,NA,NA,NA,NA,NA,NA,NA,NA,NA,NA,"NEW",NA,NA,NA,NA,NA,NA,NA,NA,NA,NA,NA,NA,NA,NA,NA,NA,NA,NA,NA,"Hohai","Hohai"
"101","Hong Kong","Media AC",NA,NA,NA,NA,NA,NA,NA,NA,NA,NA,NA,NA,NA,NA,NA,NA,NA,NA,NA,"114.109497","22.396428","http://www.mediaartscultures.eu/",NA,NA,NA,NA,NA,NA,NA,NA,NA,NA,NA,NA,NA,NA,NA,NA,NA,NA,NA,NA,NA,NA,NA,NA,NA,NA,NA,NA,NA,NA,NA,NA,NA,NA,NA,NA,NA,NA,NA,"Hong Kong","Hong Kong"
"102","Hull","GEMMA",NA,NA,NA,NA,NA,NA,NA,NA,NA,NA,NA,NA,NA,NA,NA,NA,NA,NA,NA,"-0.3367","53.7457","http://masteres.ugr.es/gemma/",NA,NA,NA,NA,NA,NA,NA,NA,NA,NA,NA,NA,NA,NA,NA,NA,NA,NA,NA,"D/C",NA,NA,NA,NA,NA,NA,NA,NA,NA,NA,NA,NA,NA,NA,NA,NA,NA,NA,NA,"Hull","Hull"
"103","Incheon","EuroAquae+",NA,NA,NA,NA,NA,NA,NA,NA,NA,NA,NA,NA,NA,NA,NA,NA,NA,NA,NA,"126.63281","37.3750804","http://master.euroaquae.eu/",NA,NA,NA,NA,NA,NA,NA,NA,NA,NA,NA,NA,NA,NA,NA,NA,NA,NA,NA,"NEW",NA,NA,NA,NA,NA,NA,NA,NA,NA,NA,NA,NA,NA,NA,NA,NA,NA,NA,NA,"Incheon","Incheon"
"104","Indianapolis","EUROCULTURE",NA,NA,NA,NA,NA,NA,NA,NA,NA,NA,NA,NA,NA,NA,NA,NA,NA,NA,NA,"-86.1581","39.7684","https://www.euroculturemaster.eu/",NA,NA,NA,NA,NA,NA,NA,NA,NA,NA,NA,NA,NA,NA,NA,NA,NA,NA,NA,"D/C",NA,NA,NA,NA,NA,NA,NA,NA,NA,NA,NA,NA,NA,NA,NA,NA,NA,NA,NA,"Indianapolis","Indianapolis"
"105","Innsbruck","ASTROMUNDUS",NA,NA,NA,NA,NA,NA,NA,NA,NA,NA,NA,NA,NA,NA,NA,NA,NA,NA,NA,"11.4041024","47.2692124","http://www.astromundus.eu/",NA,NA,NA,NA,NA,NA,NA,NA,NA,NA,NA,NA,NA,NA,NA,NA,NA,NA,NA,NA,NA,NA,NA,NA,NA,NA,NA,NA,NA,NA,NA,NA,NA,NA,NA,NA,NA,NA,NA,"Innsbruck","Innsbruck"
"106","Istanbul","G-MINDES",NA,NA,NA,NA,NA,NA,NA,NA,NA,NA,NA,NA,NA,NA,NA,NA,NA,NA,NA,"28.9783589","41.0082376","http://global-minds.eu/",NA,NA,NA,NA,NA,NA,NA,NA,NA,NA,NA,NA,NA,NA,NA,NA,NA,NA,NA,"NEW",NA,NA,NA,NA,NA,NA,NA,NA,NA,NA,NA,NA,NA,NA,NA,NA,NA,NA,NA,"Istanbul","Istanbul"
"107","Ivanovo","EU4M - EMMC",NA,NA,NA,NA,NA,NA,NA,NA,NA,NA,NA,NA,NA,NA,NA,NA,NA,NA,NA,"40.9766453","57.0050671","http://www.eu4m.eu/",NA,NA,NA,NA,NA,NA,NA,NA,NA,NA,NA,NA,NA,NA,NA,NA,NA,NA,NA,NA,NA,NA,NA,NA,NA,NA,NA,NA,NA,NA,NA,NA,NA,NA,NA,NA,NA,NA,NA,"Ivanovo","Ivanovo"
"108","Joensuu","EMCL+","MScEF","COSI",NA,NA,NA,NA,NA,NA,NA,NA,NA,NA,NA,NA,NA,NA,NA,NA,NA,"29.7635719","62.6010155","http://emcl.eu/","http://www.uef.fi/en/web/mdp-europeanforestry","http://www.master-colorscience.eu/",NA,NA,NA,NA,NA,NA,NA,NA,NA,NA,NA,NA,NA,NA,NA,NA,NA,"NEW","NEW",NA,NA,NA,NA,NA,NA,NA,NA,NA,NA,NA,NA,NA,NA,NA,NA,NA,NA,"Joensuu","Joensuu"
"109","Johannesburg","ESTeDe","EPOG",NA,NA,NA,NA,NA,NA,NA,NA,NA,NA,NA,NA,NA,NA,NA,NA,NA,NA,"28.0473051","-26.2041028","http://www.em-stede.eu/","http://www.epog.eu/",NA,NA,NA,NA,NA,NA,NA,NA,NA,NA,NA,NA,NA,NA,NA,NA,NA,NA,"NEW",NA,NA,NA,NA,NA,NA,NA,NA,NA,NA,NA,NA,NA,NA,NA,NA,NA,NA,NA,"Johannesburg","Johannesburg"
"110","Kaiserslautern","EMSE","EMECS",NA,NA,NA,NA,NA,NA,NA,NA,NA,NA,NA,NA,NA,NA,NA,NA,NA,NA,"7.7491265","49.4400657","http://em-se.eu/","http://www.emecs.eu/",NA,NA,NA,NA,NA,NA,NA,NA,NA,NA,NA,NA,NA,NA,NA,NA,NA,NA,NA,NA,NA,NA,NA,NA,NA,NA,NA,NA,NA,NA,NA,NA,NA,NA,NA,NA,NA,NA,"Kaiserslautern","Kaiserslautern"
"111","Kampala","MFAMILY",NA,NA,NA,NA,NA,NA,NA,NA,NA,NA,NA,NA,NA,NA,NA,NA,NA,NA,NA,"32.5825197","0.3475964","http://www.mfamily.eu/",NA,NA,NA,NA,NA,NA,NA,NA,NA,NA,NA,NA,NA,NA,NA,NA,NA,NA,NA,NA,NA,NA,NA,NA,NA,NA,NA,NA,NA,NA,NA,NA,NA,NA,NA,NA,NA,NA,NA,"Kampala","Kampala"
"112","Karlskrona","PLANET Europe",NA,NA,NA,NA,NA,NA,NA,NA,NA,NA,NA,NA,NA,NA,NA,NA,NA,NA,NA,"15.5869","56.1612","http://www.planet-europe.eu/",NA,NA,NA,NA,NA,NA,NA,NA,NA,NA,NA,NA,NA,NA,NA,NA,NA,NA,NA,"D/C",NA,NA,NA,NA,NA,NA,NA,NA,NA,NA,NA,NA,NA,NA,NA,NA,NA,NA,NA,"Karlskrona","Karlskrona"
"113","Karlsruhe","EU4M - EMMC","EUROPHOTONICS",NA,NA,NA,NA,NA,NA,NA,NA,NA,NA,NA,NA,NA,NA,NA,NA,NA,NA,"8.4036527","49.0068901","http://www.eu4m.eu/","http://www.europhotonics.org/wordpress/",NA,NA,NA,NA,NA,NA,NA,NA,NA,NA,NA,NA,NA,NA,NA,NA,NA,NA,NA,NA,NA,NA,NA,NA,NA,NA,NA,NA,NA,NA,NA,NA,NA,NA,NA,NA,NA,NA,"Karlsruhe","Karlsruhe"
"114","Katowice","EMLex",NA,NA,NA,NA,NA,NA,NA,NA,NA,NA,NA,NA,NA,NA,NA,NA,NA,NA,NA,"19.0237815","50.2648919","http://www.emlex.phil.uni-erlangen.de/",NA,NA,NA,NA,NA,NA,NA,NA,NA,NA,NA,NA,NA,NA,NA,NA,NA,NA,NA,NA,NA,NA,NA,NA,NA,NA,NA,NA,NA,NA,NA,NA,NA,NA,NA,NA,NA,NA,NA,"Katowice","Katowice"
"115","Kiel","IMAE",NA,NA,NA,NA,NA,NA,NA,NA,NA,NA,NA,NA,NA,NA,NA,NA,NA,NA,NA,"10.1227652","54.3232927","http://www.emmc-imae.org/",NA,NA,NA,NA,NA,NA,NA,NA,NA,NA,NA,NA,NA,NA,NA,NA,NA,NA,NA,NA,NA,NA,NA,NA,NA,NA,NA,NA,NA,NA,NA,NA,NA,NA,NA,NA,NA,NA,NA,"Kiel","Kiel"
"116","Kiev","IMRCEES",NA,NA,NA,NA,NA,NA,NA,NA,NA,NA,NA,NA,NA,NA,NA,NA,NA,NA,NA,"30.5234","50.4501","http://www.gla.ac.uk/postgraduate/erasmusmundus/imrcees/",NA,NA,NA,NA,NA,NA,NA,NA,NA,NA,NA,NA,NA,NA,NA,NA,NA,NA,NA,NA,NA,NA,NA,NA,NA,NA,NA,NA,NA,NA,NA,NA,NA,NA,NA,NA,NA,NA,NA,"Kiev","Kiev"
"117","Kingston","EPOG",NA,NA,NA,NA,NA,NA,NA,NA,NA,NA,NA,NA,NA,NA,NA,NA,NA,NA,NA,"-0.300689","51.41233","http://www.epog.eu/",NA,NA,NA,NA,NA,NA,NA,NA,NA,NA,NA,NA,NA,NA,NA,NA,NA,NA,NA,NA,NA,NA,NA,NA,NA,NA,NA,NA,NA,NA,NA,NA,NA,NA,NA,NA,NA,NA,NA,"Kingston","Kingston"
"118","Kolding","EMTM",NA,NA,NA,NA,NA,NA,NA,NA,NA,NA,NA,NA,NA,NA,NA,NA,NA,NA,NA,"9.4730519","55.495973","http://www.emtmmaster.net/",NA,NA,NA,NA,NA,NA,NA,NA,NA,NA,NA,NA,NA,NA,NA,NA,NA,NA,NA,NA,NA,NA,NA,NA,NA,NA,NA,NA,NA,NA,NA,NA,NA,NA,NA,NA,NA,NA,NA,"Kolding","Kolding"
"119","Kongens Lyngby","EWEM",NA,NA,NA,NA,NA,NA,NA,NA,NA,NA,NA,NA,NA,NA,NA,NA,NA,NA,NA,"12.4949","55.7635","http://www.windenergymaster.eu/",NA,NA,NA,NA,NA,NA,NA,NA,NA,NA,NA,NA,NA,NA,NA,NA,NA,NA,NA,"D/C",NA,NA,NA,NA,NA,NA,NA,NA,NA,NA,NA,NA,NA,NA,NA,NA,NA,NA,NA,"Kongens Lyngby","Kongens Lyngby"
"120","Krakow","EUROCULTURE","IMRCEES","ASC","EPH+",NA,NA,NA,NA,NA,NA,NA,NA,NA,NA,NA,NA,NA,NA,NA,NA,"19.9449799","50.0646501","https://www.euroculturemaster.eu/","http://www.gla.ac.uk/postgraduate/erasmusmundus/imrcees/","http://www.master-asc.org/","http://www.europubhealth.org/",NA,NA,NA,NA,NA,NA,NA,NA,NA,NA,NA,NA,NA,NA,NA,NA,"D/C",NA,NA,"NEW",NA,NA,NA,NA,NA,NA,NA,NA,NA,NA,NA,NA,NA,NA,NA,NA,"Krakow","Krakow"
"121","Krems an der Donau","MARIHE","Media AC",NA,NA,NA,NA,NA,NA,NA,NA,NA,NA,NA,NA,NA,NA,NA,NA,NA,NA,"15.6038","48.41","http://www.marihe.eu/","http://www.mediaartscultures.eu/",NA,NA,NA,NA,NA,NA,NA,NA,NA,NA,NA,NA,NA,NA,NA,NA,NA,NA,"D/C",NA,NA,NA,NA,NA,NA,NA,NA,NA,NA,NA,NA,NA,NA,NA,NA,NA,NA,NA,"Krems an der Donau","Krems an der Donau"
"122","Kuala Terengganu","TROPIMUNDO",NA,NA,NA,NA,NA,NA,NA,NA,NA,NA,NA,NA,NA,NA,NA,NA,NA,NA,NA,"103.1370142","5.329624","http://www.tropimundo.eu/",NA,NA,NA,NA,NA,NA,NA,NA,NA,NA,NA,NA,NA,NA,NA,NA,NA,NA,NA,NA,NA,NA,NA,NA,NA,NA,NA,NA,NA,NA,NA,NA,NA,NA,NA,NA,NA,NA,NA,"Kuala Terengganu","Kuala Terengganu"
"123","L'Aquila","MATHMODS",NA,NA,NA,NA,NA,NA,NA,NA,NA,NA,NA,NA,NA,NA,NA,NA,NA,NA,NA,"13.3995091","42.3498479","http://www.mathmods.eu/",NA,NA,NA,NA,NA,NA,NA,NA,NA,NA,NA,NA,NA,NA,NA,NA,NA,NA,NA,NA,NA,NA,NA,NA,NA,NA,NA,NA,NA,NA,NA,NA,NA,NA,NA,NA,NA,NA,NA,"L'Aquila","L'Aquila"
"124","Lappeenranta","PERCCOM",NA,NA,NA,NA,NA,NA,NA,NA,NA,NA,NA,NA,NA,NA,NA,NA,NA,NA,NA,"28.1896628","61.0549929","http://perccom.univ-lorraine.fr/",NA,NA,NA,NA,NA,NA,NA,NA,NA,NA,NA,NA,NA,NA,NA,NA,NA,NA,NA,NA,NA,NA,NA,NA,NA,NA,NA,NA,NA,NA,NA,NA,NA,NA,NA,NA,NA,NA,NA,"Lappeenranta","Lappeenranta"
"125","Lausanne","EuroAquae+",NA,NA,NA,NA,NA,NA,NA,NA,NA,NA,NA,NA,NA,NA,NA,NA,NA,NA,NA,"6.56675","46.5190557","http://master.euroaquae.eu/",NA,NA,NA,NA,NA,NA,NA,NA,NA,NA,NA,NA,NA,NA,NA,NA,NA,NA,NA,"NEW",NA,NA,NA,NA,NA,NA,NA,NA,NA,NA,NA,NA,NA,NA,NA,NA,NA,NA,NA,"Lausanne","Lausanne"
"126","Leeds","TRIBOS",NA,NA,NA,NA,NA,NA,NA,NA,NA,NA,NA,NA,NA,NA,NA,NA,NA,NA,NA,"-1.5490774","53.8007554","http://www.master-tribos.eu/",NA,NA,NA,NA,NA,NA,NA,NA,NA,NA,NA,NA,NA,NA,NA,NA,NA,NA,NA,NA,NA,NA,NA,NA,NA,NA,NA,NA,NA,NA,NA,NA,NA,NA,NA,NA,NA,NA,NA,"Leeds","Leeds"
"127","Leioa","MEREMMC",NA,NA,NA,NA,NA,NA,NA,NA,NA,NA,NA,NA,NA,NA,NA,NA,NA,NA,NA,"-2.990057","43.3267036","http://www.merconsortium.eu/",NA,NA,NA,NA,NA,NA,NA,NA,NA,NA,NA,NA,NA,NA,NA,NA,NA,NA,NA,NA,NA,NA,NA,NA,NA,NA,NA,NA,NA,NA,NA,NA,NA,NA,NA,NA,NA,NA,NA,"Leioa","Leioa"
"128","Leipzig","ASC","EMGS",NA,NA,NA,NA,NA,NA,NA,NA,NA,NA,NA,NA,NA,NA,NA,NA,NA,NA,"12.3730747","51.3396955","http://www.master-asc.org/","http://www.globalstudies-masters.info/",NA,NA,NA,NA,NA,NA,NA,NA,NA,NA,NA,NA,NA,NA,NA,NA,NA,NA,NA,NA,NA,NA,NA,NA,NA,NA,NA,NA,NA,NA,NA,NA,NA,NA,NA,NA,NA,NA,"Leipzig","Leipzig"
"129","Leuven","EMM-Nano","FAME","EUROPHILOSOPHIE","TCCM","PIONEER","ESTeDe","EMPHID","MAISI","MITRA",NA,NA,NA,NA,NA,NA,NA,NA,NA,NA,NA,"4.7005","50.8798","http://www.emm-nano.org/","http://www.fame-master.com/","http://europhilomem.hypotheses.org/","http://www.emtccm.org/","http://pioneer-master.eu/","http://www.em-stede.eu/","http://www.pubhealthdisasters.eu/","http://www.maisi-project.eu/","http://mastermitra.univ-lille3.fr/",NA,NA,NA,NA,NA,NA,NA,NA,NA,NA,NA,NA,"D/C","D/C",NA,"NEW","NEW",NA,"NEW","D/C",NA,NA,NA,NA,NA,NA,NA,NA,NA,NA,NA,"Leuven","Leuven"
"130","Liège","SUSCOS","MEREMMC","EMERALD","EMSHIP","FAME",NA,NA,NA,NA,NA,NA,NA,NA,NA,NA,NA,NA,NA,NA,NA,"5.5591","50.5831","http://steel.fsv.cvut.cz/suscos/","http://www.merconsortium.eu/","http://em-georesources.eu/","http://www.emship.eu/","http://www.fame-master.com/",NA,NA,NA,NA,NA,NA,NA,NA,NA,NA,NA,NA,NA,NA,NA,"D/C",NA,NA,NA,"D/C",NA,NA,NA,NA,NA,NA,NA,NA,NA,NA,NA,NA,NA,NA,NA,"Liège","Liège"
"131","Lille","MEGEI","ASC","MITRA",NA,NA,NA,NA,NA,NA,NA,NA,NA,NA,NA,NA,NA,NA,NA,NA,NA,"3.057256","50.62925","http://www.ua.ac.be/egei","http://www.master-asc.org/","http://mastermitra.univ-lille3.fr/",NA,NA,NA,NA,NA,NA,NA,NA,NA,NA,NA,NA,NA,NA,NA,NA,NA,NA,NA,"D/C",NA,NA,NA,NA,NA,NA,NA,NA,NA,NA,NA,NA,NA,NA,NA,NA,NA,"Lille","Lille"
"132","Limerick","G-MINDES",NA,NA,NA,NA,NA,NA,NA,NA,NA,NA,NA,NA,NA,NA,NA,NA,NA,NA,NA,"-8.6304975","52.6680204","http://global-minds.eu/",NA,NA,NA,NA,NA,NA,NA,NA,NA,NA,NA,NA,NA,NA,NA,NA,NA,NA,NA,"NEW",NA,NA,NA,NA,NA,NA,NA,NA,NA,NA,NA,NA,NA,NA,NA,NA,NA,NA,NA,"Limerick","Limerick"
"133","Lincoln","ADVANCES",NA,NA,NA,NA,NA,NA,NA,NA,NA,NA,NA,NA,NA,NA,NA,NA,NA,NA,NA,"-0.540579","53.230688","http://www.socialworkadvances.org/",NA,NA,NA,NA,NA,NA,NA,NA,NA,NA,NA,NA,NA,NA,NA,NA,NA,NA,NA,NA,NA,NA,NA,NA,NA,NA,NA,NA,NA,NA,NA,NA,NA,NA,NA,NA,NA,NA,NA,"Lincoln","Lincoln"
"134","Lisbon","G-MINDES","KINOEYES | KEM","EMSD","GeoTech","CWCN","VINIFERA","GroundwatCH","EM3E4SW","MFAMILY","VINIFERA","ADVANCES","MEDfOR",NA,NA,NA,NA,NA,NA,NA,NA,"-9.1393366","38.7222524","http://global-minds.eu/","http://www.kinoeyes.eu/","http://www.europeansystemdynamics.eu/","http://mastergeotech.info/","http://www.munduscrossways.eu/","http://vinifera-euromaster.eu/","http://www.groundwatermaster.eu/","http://em3e-4sw.eu/em3e/index.php","http://www.mfamily.eu/","http://vinifera-euromaster.eu/","http://www.socialworkadvances.org/","http://www.medfor.eu/",NA,NA,NA,NA,NA,NA,NA,NA,"NEW",NA,NA,NA,"D/C",NA,NA,"NEW",NA,NA,NA,"D/C",NA,NA,NA,NA,NA,NA,NA,NA,"Lisbon","Lisbon"
"135","Ljubljana","EMTM","TRIBOS","CoDe",NA,NA,NA,NA,NA,NA,NA,NA,NA,NA,NA,NA,NA,NA,NA,NA,NA,"14.5057515","46.0569465","http://www.emtmmaster.net/","http://www.master-tribos.eu/","http://www.erasmusmundus-code.eu/",NA,NA,NA,NA,NA,NA,NA,NA,NA,NA,NA,NA,NA,NA,NA,NA,NA,NA,NA,NA,NA,NA,NA,NA,NA,NA,NA,NA,NA,NA,NA,NA,NA,NA,NA,NA,NA,"Ljubljana","Ljubljana"
"136","Lleida","MScEF","MEDfOR",NA,NA,NA,NA,NA,NA,NA,NA,NA,NA,NA,NA,NA,NA,NA,NA,NA,NA,"0.62","41.6176","http://www.uef.fi/en/web/mdp-europeanforestry","http://www.medfor.eu/",NA,NA,NA,NA,NA,NA,NA,NA,NA,NA,NA,NA,NA,NA,NA,NA,NA,NA,"NEW","D/C",NA,NA,NA,NA,NA,NA,NA,NA,NA,NA,NA,NA,NA,NA,NA,NA,NA,NA,"Lleida","Lleida"
"137","Lodz","Media AC","GEMMA",NA,NA,NA,NA,NA,NA,NA,NA,NA,NA,NA,NA,NA,NA,NA,NA,NA,NA,"19.4559833","51.7592485","http://www.mediaartscultures.eu/","http://masteres.ugr.es/gemma/",NA,NA,NA,NA,NA,NA,NA,NA,NA,NA,NA,NA,NA,NA,NA,NA,NA,NA,NA,"D/C",NA,NA,NA,NA,NA,NA,NA,NA,NA,NA,NA,NA,NA,NA,NA,NA,NA,NA,"Lodz","Lodz"
"138","Loire Valley","IDOH",NA,NA,NA,NA,NA,NA,NA,NA,NA,NA,NA,NA,NA,NA,NA,NA,NA,NA,NA,"1.0105289","47.5532402","http://infectious-diseases-one-health.eu/#services-tou",NA,NA,NA,NA,NA,NA,NA,NA,NA,NA,NA,NA,NA,NA,NA,NA,NA,NA,NA,"NEW",NA,NA,NA,NA,NA,NA,NA,NA,NA,NA,NA,NA,NA,NA,NA,NA,NA,NA,NA,"Loire Valley","Loire Valley"
"139","London","MUNDUS JOURNALISM","CoMEM","EMGS","EM HRPP","EUPADRA",NA,NA,NA,NA,NA,NA,NA,NA,NA,NA,NA,NA,NA,NA,NA,"-0.1277583","51.5073509","http://www.mundusjournalism.com/","http://www.ntnu.edu/studies/mscomem","http://www.globalstudies-masters.info/","http://ws1.roehampton.ac.uk/admissions/erasmusmundus/hrp/index.html","http://eupadra.eu/",NA,NA,NA,NA,NA,NA,NA,NA,NA,NA,NA,NA,NA,NA,NA,NA,NA,NA,NA,NA,NA,NA,NA,NA,NA,NA,NA,NA,NA,NA,NA,NA,NA,NA,NA,"London","London"
"140","Lulea","AMASE","TRIBOS","PERCCOM","SPACEMASTER","SUSCOS",NA,NA,NA,NA,NA,NA,NA,NA,NA,NA,NA,NA,NA,NA,NA,"22.1567","65.5848","http://www.amase-master.net/","http://www.master-tribos.eu/","http://perccom.univ-lorraine.fr/","http://www.spacemaster.eu/","http://steel.fsv.cvut.cz/suscos/",NA,NA,NA,NA,NA,NA,NA,NA,NA,NA,NA,NA,NA,NA,NA,NA,NA,NA,NA,"D/C",NA,NA,NA,NA,NA,NA,NA,NA,NA,NA,NA,NA,NA,NA,NA,"Lulea","Lulea"
"141","Lund","FIPDes","IMFSE",NA,NA,NA,NA,NA,NA,NA,NA,NA,NA,NA,NA,NA,NA,NA,NA,NA,NA,"13.1910073","55.7046601","http://www.fipdes.eu/","http://www.imfse.ugent.be/",NA,NA,NA,NA,NA,NA,NA,NA,NA,NA,NA,NA,NA,NA,NA,NA,NA,NA,"NEW",NA,NA,NA,NA,NA,NA,NA,NA,NA,NA,NA,NA,NA,NA,NA,NA,NA,NA,NA,"Lund","Lund"
"142","Lyon","LIVE","EACH","ATOSIM",NA,NA,NA,NA,NA,NA,NA,NA,NA,NA,NA,NA,NA,NA,NA,NA,NA,"4.835659","45.764043","http://live.univ-lyon1.fr/","http://www.analyticalchemistry.eu/","http://www.erasmusmundus-atosim.cecam.org/",NA,NA,NA,NA,NA,NA,NA,NA,NA,NA,NA,NA,NA,NA,NA,NA,NA,NA,NA,"D/C",NA,NA,NA,NA,NA,NA,NA,NA,NA,NA,NA,NA,NA,NA,NA,NA,NA,"Lyon","Lyon"
"143","Maastricht","EPH+",NA,NA,NA,NA,NA,NA,NA,NA,NA,NA,NA,NA,NA,NA,NA,NA,NA,NA,NA,"5.6909725","50.8513682","http://www.europubhealth.org/",NA,NA,NA,NA,NA,NA,NA,NA,NA,NA,NA,NA,NA,NA,NA,NA,NA,NA,NA,"NEW",NA,NA,NA,NA,NA,NA,NA,NA,NA,NA,NA,NA,NA,NA,NA,NA,NA,NA,NA,"Maastricht","Maastricht"
"144","Madrid","TCCM","4CITIES","NUPHYS","MONABIP","EUPADRA","NUPHYS","4CITIES","VINIFERA","EMSE","VINIFERA","IMIM","ME3",NA,NA,NA,NA,NA,NA,NA,NA,"-3.7037902","40.4167754","http://www.emtccm.org/","http://www.4cities.eu/","alojamientosv.us.es/nuphysjmd/","http://www.monabiphot.ens-cachan.fr/","http://eupadra.eu/","alojamientosv.us.es/nuphysjmd/","http://www.4cities.eu/","http://vinifera-euromaster.eu/","http://em-se.eu/","http://vinifera-euromaster.eu/","http://www.imim.polimi.it/","http://www.emn.fr/z-de/me3-site/",NA,NA,NA,NA,NA,NA,NA,NA,NA,NA,"NEW",NA,NA,"NEW",NA,NA,NA,NA,NA,NA,NA,NA,NA,NA,NA,NA,NA,NA,"Madrid","Madrid"
"145","Mainz","MAISI",NA,NA,NA,NA,NA,NA,NA,NA,NA,NA,NA,NA,NA,NA,NA,NA,NA,NA,NA,"8.2472526","49.9928617","http://www.maisi-project.eu/",NA,NA,NA,NA,NA,NA,NA,NA,NA,NA,NA,NA,NA,NA,NA,NA,NA,NA,NA,"NEW",NA,NA,NA,NA,NA,NA,NA,NA,NA,NA,NA,NA,NA,NA,NA,NA,NA,NA,NA,"Mainz","Mainz"
"146","Mannheim","EMLex",NA,NA,NA,NA,NA,NA,NA,NA,NA,NA,NA,NA,NA,NA,NA,NA,NA,NA,NA,"8.4660395","49.4874592","http://www.emlex.phil.uni-erlangen.de/",NA,NA,NA,NA,NA,NA,NA,NA,NA,NA,NA,NA,NA,NA,NA,NA,NA,NA,NA,NA,NA,NA,NA,NA,NA,NA,NA,NA,NA,NA,NA,NA,NA,NA,NA,NA,NA,NA,NA,"Mannheim","Mannheim"
"147","Marseille","EUROPHOTONICS","EUROPHOTONICS",NA,NA,NA,NA,NA,NA,NA,NA,NA,NA,NA,NA,NA,NA,NA,NA,NA,NA,"5.36978","43.296482","http://www.europhotonics.org/wordpress/","http://www.europhotonics.org/wordpress/",NA,NA,NA,NA,NA,NA,NA,NA,NA,NA,NA,NA,NA,NA,NA,NA,NA,NA,NA,NA,NA,NA,NA,NA,NA,NA,NA,NA,NA,NA,NA,NA,NA,NA,NA,NA,NA,NA,"Marseille","Marseille"
"148","Melbourne","WOP-P",NA,NA,NA,NA,NA,NA,NA,NA,NA,NA,NA,NA,NA,NA,NA,NA,NA,NA,NA,"-80.6081089","28.0836269","https://www.erasmuswop.org",NA,NA,NA,NA,NA,NA,NA,NA,NA,NA,NA,NA,NA,NA,NA,NA,NA,NA,NA,"NEW",NA,NA,NA,NA,NA,NA,NA,NA,NA,NA,NA,NA,NA,NA,NA,NA,NA,NA,NA,"Melbourne","Melbourne"
"149","Memphis","EUROPHILOSOPHIE",NA,NA,NA,NA,NA,NA,NA,NA,NA,NA,NA,NA,NA,NA,NA,NA,NA,NA,NA,"-90.049","35.1495","http://europhilomem.hypotheses.org/",NA,NA,NA,NA,NA,NA,NA,NA,NA,NA,NA,NA,NA,NA,NA,NA,NA,NA,NA,"D/C",NA,NA,NA,NA,NA,NA,NA,NA,NA,NA,NA,NA,NA,NA,NA,NA,NA,NA,NA,"Memphis","Memphis"
"150","Mexico City","EUROCULTURE","EuroAquae+",NA,NA,NA,NA,NA,NA,NA,NA,NA,NA,NA,NA,NA,NA,NA,NA,NA,NA,"-102.5528","23.6345","https://www.euroculturemaster.eu/","http://master.euroaquae.eu/",NA,NA,NA,NA,NA,NA,NA,NA,NA,NA,NA,NA,NA,NA,NA,NA,NA,NA,"D/C","NEW",NA,NA,NA,NA,NA,NA,NA,NA,NA,NA,NA,NA,NA,NA,NA,NA,NA,NA,"Mexico City","Mexico City"
"151","Milan","MSPME","IMIM",NA,NA,NA,NA,NA,NA,NA,NA,NA,NA,NA,NA,NA,NA,NA,NA,NA,NA,"9.1859","45.4654","http://www.mspme.org/","http://www.imim.polimi.it/",NA,NA,NA,NA,NA,NA,NA,NA,NA,NA,NA,NA,NA,NA,NA,NA,NA,NA,"D/C",NA,NA,NA,NA,NA,NA,NA,NA,NA,NA,NA,NA,NA,NA,NA,NA,NA,NA,NA,"Milan","Milan"
"152","Montpellier","PlantHealth","VINIFERA","MIM","EM3E4SW","MAMASELF","EDAMUS","MAMASELF","MEME",NA,NA,NA,NA,NA,NA,NA,NA,NA,NA,NA,NA,"3.8767","43.6108","http://planthealth.upv.es/","http://vinifera-euromaster.eu/","http://www.mastermimplus.eu/","http://em3e-4sw.eu/em3e/index.php","https://www.mamaself.eu/","http://www.master-edamus.eu/","http://www.mamaself.eu/","http://www.evobio.eu/",NA,NA,NA,NA,NA,NA,NA,NA,NA,NA,NA,NA,NA,NA,NA,"NEW","NEW","D/C",NA,NA,NA,NA,NA,NA,NA,NA,NA,NA,NA,NA,NA,NA,"Montpellier","Montpellier"
"153","Msida","GLOBED","LCT","IMAESC",NA,NA,NA,NA,NA,NA,NA,NA,NA,NA,NA,NA,NA,NA,NA,NA,NA,"14.4868883","35.8956388","http://globed.eu/","http://www.lct-master.org/","http://www.gla.ac.uk/postgraduate/erasmusmundus/imaesc/",NA,NA,NA,NA,NA,NA,NA,NA,NA,NA,NA,NA,NA,NA,NA,NA,NA,NA,NA,NA,NA,NA,NA,NA,NA,NA,NA,NA,NA,NA,NA,NA,NA,NA,NA,NA,NA,"Msida","Msida"
"154","Mulhouse","CLE",NA,NA,NA,NA,NA,NA,NA,NA,NA,NA,NA,NA,NA,NA,NA,NA,NA,NA,NA,"7.335888","47.750839","http://www.cle.unibo.it/site/",NA,NA,NA,NA,NA,NA,NA,NA,NA,NA,NA,NA,NA,NA,NA,NA,NA,NA,NA,NA,NA,NA,NA,NA,NA,NA,NA,NA,NA,NA,NA,NA,NA,NA,NA,NA,NA,NA,NA,"Mulhouse","Mulhouse"
"155","Mumbai","EMLE",NA,NA,NA,NA,NA,NA,NA,NA,NA,NA,NA,NA,NA,NA,NA,NA,NA,NA,NA,"72.8776559","19.0759837","http://www.emle.org/",NA,NA,NA,NA,NA,NA,NA,NA,NA,NA,NA,NA,NA,NA,NA,NA,NA,NA,NA,NA,NA,NA,NA,NA,NA,NA,NA,NA,NA,NA,NA,NA,NA,NA,NA,NA,NA,NA,NA,"Mumbai","Mumbai"
"156","Munich","MAMASELF","MAMASELF","MEME","MAMASELF","IMIM","CARTO","MAMASELF",NA,NA,NA,NA,NA,NA,NA,NA,NA,NA,NA,NA,NA,"11.5819806","48.1351253","http://www.mamaself.eu/","https://www.mamaself.eu/","http://www.evobio.eu/","http://www.mamaself.eu/","http://www.imim.polimi.it/","http://www.cartographymaster.eu/","https://www.mamaself.eu/",NA,NA,NA,NA,NA,NA,NA,NA,NA,NA,NA,NA,NA,NA,"NEW",NA,NA,NA,NA,"NEW",NA,NA,NA,NA,NA,NA,NA,NA,NA,NA,NA,NA,NA,"Munich","Munich"
"157","Münster","GeoTech","PIONEER",NA,NA,NA,NA,NA,NA,NA,NA,NA,NA,NA,NA,NA,NA,NA,NA,NA,NA,"7.6261347","51.9606649","http://mastergeotech.info/","http://pioneer-master.eu/",NA,NA,NA,NA,NA,NA,NA,NA,NA,NA,NA,NA,NA,NA,NA,NA,NA,NA,NA,"NEW",NA,NA,NA,NA,NA,NA,NA,NA,NA,NA,NA,NA,NA,NA,NA,NA,NA,NA,"Münster","Münster"
"158","Nancy","EMERALD","EMLex","PERCCOM","LCT","AMASE",NA,NA,NA,NA,NA,NA,NA,NA,NA,NA,NA,NA,NA,NA,NA,"6.184417","48.692054","http://em-georesources.eu/","http://www.emlex.phil.uni-erlangen.de/","http://perccom.univ-lorraine.fr/","http://www.lct-master.org/","http://www.amase-master.net/",NA,NA,NA,NA,NA,NA,NA,NA,NA,NA,NA,NA,NA,NA,NA,NA,NA,NA,NA,NA,NA,NA,NA,NA,NA,NA,NA,NA,NA,NA,NA,NA,NA,NA,NA,"Nancy","Nancy"
"159","Nantes","EMSHIP","EMARO+","ME3","MCM","ACES",NA,NA,NA,NA,NA,NA,NA,NA,NA,NA,NA,NA,NA,NA,NA,"-1.553621","47.218371","http://www.emship.eu/","http://emaro.irccyn.ec-nantes.fr/","http://www.emn.fr/z-de/me3-site/","http://www.cimne.com/cm-master/","http://www.sams.ac.uk/aces-erasmus",NA,NA,NA,NA,NA,NA,NA,NA,NA,NA,NA,NA,NA,NA,NA,NA,NA,NA,NA,NA,NA,NA,NA,NA,NA,NA,NA,NA,NA,NA,NA,NA,NA,NA,NA,"Nantes","Nantes"
"160","Napoli","FIPDes","SUSCOS","Dyclam","EUCOMOR",NA,NA,NA,NA,NA,NA,NA,NA,NA,NA,NA,NA,NA,NA,NA,NA,"14.257805","40.845492","http://www.fipdes.eu/","http://steel.fsv.cvut.cz/suscos/","http://www.dyclam.eu/fr/","http://www.eucomor.net/",NA,NA,NA,NA,NA,NA,NA,NA,NA,NA,NA,NA,NA,NA,NA,NA,"NEW","D/C",NA,NA,NA,NA,NA,NA,NA,NA,NA,NA,NA,NA,NA,NA,NA,NA,NA,NA,"Napoli","Napoli"
"161","New Brunswick","GEMMA",NA,NA,NA,NA,NA,NA,NA,NA,NA,NA,NA,NA,NA,NA,NA,NA,NA,NA,NA,"-74.4518","40.4862","http://masteres.ugr.es/gemma/",NA,NA,NA,NA,NA,NA,NA,NA,NA,NA,NA,NA,NA,NA,NA,NA,NA,NA,NA,"D/C",NA,NA,NA,NA,NA,NA,NA,NA,NA,NA,NA,NA,NA,NA,NA,NA,NA,NA,NA,"New Brunswick","New Brunswick"
"162","Newcastle","EuroAquae+",NA,NA,NA,NA,NA,NA,NA,NA,NA,NA,NA,NA,NA,NA,NA,NA,NA,NA,NA,"-1.61778","54.978252","http://master.euroaquae.eu/",NA,NA,NA,NA,NA,NA,NA,NA,NA,NA,NA,NA,NA,NA,NA,NA,NA,NA,NA,"NEW",NA,NA,NA,NA,NA,NA,NA,NA,NA,NA,NA,NA,NA,NA,NA,NA,NA,NA,NA,"Newcastle","Newcastle"
"163","Nice","EuroAquae+","MATHMODS",NA,NA,NA,NA,NA,NA,NA,NA,NA,NA,NA,NA,NA,NA,NA,NA,NA,NA,"7.2619532","43.7101728","http://master.euroaquae.eu/","http://www.mathmods.eu/",NA,NA,NA,NA,NA,NA,NA,NA,NA,NA,NA,NA,NA,NA,NA,NA,NA,NA,"NEW",NA,NA,NA,NA,NA,NA,NA,NA,NA,NA,NA,NA,NA,NA,NA,NA,NA,NA,NA,"Nice","Nice"
"164","Nijmegen","EMSD","PLANET Europe",NA,NA,NA,NA,NA,NA,NA,NA,NA,NA,NA,NA,NA,NA,NA,NA,NA,NA,"5.8372","51.8126","http://www.europeansystemdynamics.eu/","http://www.planet-europe.eu/",NA,NA,NA,NA,NA,NA,NA,NA,NA,NA,NA,NA,NA,NA,NA,NA,NA,NA,NA,"D/C",NA,NA,NA,NA,NA,NA,NA,NA,NA,NA,NA,NA,NA,NA,NA,NA,NA,NA,"Nijmegen","Nijmegen"
"165","Ningbo","WACOMA",NA,NA,NA,NA,NA,NA,NA,NA,NA,NA,NA,NA,NA,NA,NA,NA,NA,NA,NA,"121.544","29.8683","http://erasmusmundus.uca.es/en/content,3,erasmus-mundus",NA,NA,NA,NA,NA,NA,NA,NA,NA,NA,NA,NA,NA,NA,NA,NA,NA,NA,NA,"D/C",NA,NA,NA,NA,NA,NA,NA,NA,NA,NA,NA,NA,NA,NA,NA,NA,NA,NA,NA,"Ningbo","Ningbo"
"166","Nitra","IMRD",NA,NA,NA,NA,NA,NA,NA,NA,NA,NA,NA,NA,NA,NA,NA,NA,NA,NA,NA,"18.076376","48.3061414","http://www.imrd.ugent.be/",NA,NA,NA,NA,NA,NA,NA,NA,NA,NA,NA,NA,NA,NA,NA,NA,NA,NA,NA,NA,NA,NA,NA,NA,NA,NA,NA,NA,NA,NA,NA,NA,NA,NA,NA,NA,NA,NA,NA,"Nitra","Nitra"
"167","Nizhni Novgorod","IMRCEES",NA,NA,NA,NA,NA,NA,NA,NA,NA,NA,NA,NA,NA,NA,NA,NA,NA,NA,NA,"43.9360589","56.2965039","http://www.gla.ac.uk/postgraduate/erasmusmundus/imrcees/",NA,NA,NA,NA,NA,NA,NA,NA,NA,NA,NA,NA,NA,NA,NA,NA,NA,NA,NA,NA,NA,NA,NA,NA,NA,NA,NA,NA,NA,NA,NA,NA,NA,NA,NA,NA,NA,NA,NA,"Nizhni Novgorod","Nizhni Novgorod"
"168","Norwich","IMAE",NA,NA,NA,NA,NA,NA,NA,NA,NA,NA,NA,NA,NA,NA,NA,NA,NA,NA,NA,"1.297355","52.6308859","http://www.emmc-imae.org/",NA,NA,NA,NA,NA,NA,NA,NA,NA,NA,NA,NA,NA,NA,NA,NA,NA,NA,NA,NA,NA,NA,NA,NA,NA,NA,NA,NA,NA,NA,NA,NA,NA,NA,NA,NA,NA,NA,NA,"Norwich","Norwich"
"169","Nottingham","STEPS",NA,NA,NA,NA,NA,NA,NA,NA,NA,NA,NA,NA,NA,NA,NA,NA,NA,NA,NA,"-1.1581086","52.9547832","http://emmcsteps.uniovi.es/",NA,NA,NA,NA,NA,NA,NA,NA,NA,NA,NA,NA,NA,NA,NA,NA,NA,NA,NA,NA,NA,NA,NA,NA,NA,NA,NA,NA,NA,NA,NA,NA,NA,NA,NA,NA,NA,NA,NA,"Nottingham","Nottingham"
"170","Oban","ACES",NA,NA,NA,NA,NA,NA,NA,NA,NA,NA,NA,NA,NA,NA,NA,NA,NA,NA,NA,"-5.471047","56.415157","http://www.sams.ac.uk/aces-erasmus",NA,NA,NA,NA,NA,NA,NA,NA,NA,NA,NA,NA,NA,NA,NA,NA,NA,NA,NA,NA,NA,NA,NA,NA,NA,NA,NA,NA,NA,NA,NA,NA,NA,NA,NA,NA,NA,NA,NA,"Oban","Oban"
"171","Oldenburg","EWEM",NA,NA,NA,NA,NA,NA,NA,NA,NA,NA,NA,NA,NA,NA,NA,NA,NA,NA,NA,"8.2146","53.1435","http://www.windenergymaster.eu/",NA,NA,NA,NA,NA,NA,NA,NA,NA,NA,NA,NA,NA,NA,NA,NA,NA,NA,NA,"D/C",NA,NA,NA,NA,NA,NA,NA,NA,NA,NA,NA,NA,NA,NA,NA,NA,NA,NA,NA,"Oldenburg","Oldenburg"
"172","Olomouc","EUROCULTURE","GLODEP",NA,NA,NA,NA,NA,NA,NA,NA,NA,NA,NA,NA,NA,NA,NA,NA,NA,NA,"17.2508787","49.593778","https://www.euroculturemaster.eu/","http://glodep.eu/",NA,NA,NA,NA,NA,NA,NA,NA,NA,NA,NA,NA,NA,NA,NA,NA,NA,NA,"D/C","NEW",NA,NA,NA,NA,NA,NA,NA,NA,NA,NA,NA,NA,NA,NA,NA,NA,NA,NA,"Olomouc","Olomouc"
"173","Osaka","EUROCULTURE",NA,NA,NA,NA,NA,NA,NA,NA,NA,NA,NA,NA,NA,NA,NA,NA,NA,NA,NA,"135.5022","34.6937","https://www.euroculturemaster.eu/",NA,NA,NA,NA,NA,NA,NA,NA,NA,NA,NA,NA,NA,NA,NA,NA,NA,NA,NA,"D/C",NA,NA,NA,NA,NA,NA,NA,NA,NA,NA,NA,NA,NA,NA,NA,NA,NA,NA,NA,"Osaka","Osaka"
"174","Oslo","G-MINDES","GLOBED",NA,NA,NA,NA,NA,NA,NA,NA,NA,NA,NA,NA,NA,NA,NA,NA,NA,NA,"10.7522454","59.9138688","http://global-minds.eu/","http://globed.eu/",NA,NA,NA,NA,NA,NA,NA,NA,NA,NA,NA,NA,NA,NA,NA,NA,NA,NA,"NEW",NA,NA,NA,NA,NA,NA,NA,NA,NA,NA,NA,NA,NA,NA,NA,NA,NA,NA,NA,"Oslo","Oslo"
"175","Osnabrück","MARIHE",NA,NA,NA,NA,NA,NA,NA,NA,NA,NA,NA,NA,NA,NA,NA,NA,NA,NA,NA,"8.0472","52.2799","http://www.marihe.eu/",NA,NA,NA,NA,NA,NA,NA,NA,NA,NA,NA,NA,NA,NA,NA,NA,NA,NA,NA,"D/C",NA,NA,NA,NA,NA,NA,NA,NA,NA,NA,NA,NA,NA,NA,NA,NA,NA,NA,NA,"Osnabrück","Osnabrück"
"176","Ouagadougou","ESTeDe",NA,NA,NA,NA,NA,NA,NA,NA,NA,NA,NA,NA,NA,NA,NA,NA,NA,NA,NA,"-1.5196603","12.3714277","http://www.em-stede.eu/",NA,NA,NA,NA,NA,NA,NA,NA,NA,NA,NA,NA,NA,NA,NA,NA,NA,NA,NA,"NEW",NA,NA,NA,NA,NA,NA,NA,NA,NA,NA,NA,NA,NA,NA,NA,NA,NA,NA,NA,"Ouagadougou","Ouagadougou"
"177","Oulu","EMSE",NA,NA,NA,NA,NA,NA,NA,NA,NA,NA,NA,NA,NA,NA,NA,NA,NA,NA,NA,"25.4650773","65.0120888","http://em-se.eu/",NA,NA,NA,NA,NA,NA,NA,NA,NA,NA,NA,NA,NA,NA,NA,NA,NA,NA,NA,NA,NA,NA,NA,NA,NA,NA,NA,NA,NA,NA,NA,NA,NA,NA,NA,NA,NA,NA,NA,"Oulu","Oulu"
"178","Oviedo","EU4M - EMMC","GEMMA","EMECC NURSING","STEPS","EMPHID","IMBRSea",NA,NA,NA,NA,NA,NA,NA,NA,NA,NA,NA,NA,NA,NA,"-5.8494","43.3619","http://www.eu4m.eu/","http://masteres.ugr.es/gemma/","http://masternursing.uniovi.es/","http://emmcsteps.uniovi.es/","http://www.pubhealthdisasters.eu/","http://www.imbrsea.eu/",NA,NA,NA,NA,NA,NA,NA,NA,NA,NA,NA,NA,NA,NA,NA,"D/C","D/C",NA,NA,"NEW",NA,NA,NA,NA,NA,NA,NA,NA,NA,NA,NA,NA,NA,NA,"Oviedo","Oviedo"
"179","Padova","MEDfOR","NUPHYS","SUFONAMA","PlantHealth","TPTI","TPTI","ASTROMUNDUS","ESTeDe",NA,NA,NA,NA,NA,NA,NA,NA,NA,NA,NA,NA,"11.8767611","45.4064349","http://www.medfor.eu/","alojamientosv.us.es/nuphysjmd/","http://sufonama.eu/","http://planthealth.upv.es/","http://www.tpti.eu/","http://www.tpti.eu/","http://www.astromundus.eu/","http://www.em-stede.eu/",NA,NA,NA,NA,NA,NA,NA,NA,NA,NA,NA,NA,"D/C","NEW","D/C",NA,NA,"D/C",NA,"NEW",NA,NA,NA,NA,NA,NA,NA,NA,NA,NA,NA,NA,"Padova","Padova"
"180","Palermo","EMSD",NA,NA,NA,NA,NA,NA,NA,NA,NA,NA,NA,NA,NA,NA,NA,NA,NA,NA,NA,"13.3612671","38.1156879","http://www.europeansystemdynamics.eu/",NA,NA,NA,NA,NA,NA,NA,NA,NA,NA,NA,NA,NA,NA,NA,NA,NA,NA,NA,NA,NA,NA,NA,NA,NA,NA,NA,NA,NA,NA,NA,NA,NA,NA,NA,NA,NA,NA,NA,"Palermo","Palermo"
"181","Paris","PlantHealth","FIPDes","MScEF","EPH+","Dyclam","IMQP","QEM","NANOMED","MONABIP","TROPIMUNDO","ADVANCES","SERP+","ESTeDe","TPTI","EPOG","IMBRSea",NA,NA,NA,NA,"2.347657","48.8397733","http://planthealth.upv.es/","http://www.fipdes.eu/","http://www.uef.fi/en/web/mdp-europeanforestry","http://www.europubhealth.org/","http://www.dyclam.eu/fr/","https://sites.google.com/a/unife.it/quaternary-prehistory/","http://erasmusmundus-qem.univ-paris1.fr/","http://master-nanomed.eu/","http://www.monabiphot.ens-cachan.fr/","http://www.tropimundo.eu/","http://www.socialworkadvances.org/","http://www.master-serp.eu/","http://www.em-stede.eu/","http://www.tpti.eu/","http://www.epog.eu/","http://www.imbrsea.eu/",NA,NA,NA,NA,NA,"NEW","NEW","NEW",NA,NA,NA,"NEW",NA,NA,NA,"NEW","NEW","D/C",NA,"NEW",NA,NA,NA,NA,"Paris","Paris"
"182","Patras","NANOMED","MEEES",NA,NA,NA,NA,NA,NA,NA,NA,NA,NA,NA,NA,NA,NA,NA,NA,NA,NA,"21.734574","38.2466395","http://master-nanomed.eu/","http://www.meees.org/",NA,NA,NA,NA,NA,NA,NA,NA,NA,NA,NA,NA,NA,NA,NA,NA,NA,NA,"NEW",NA,NA,NA,NA,NA,NA,NA,NA,NA,NA,NA,NA,NA,NA,NA,NA,NA,NA,NA,"Patras","Patras"
"183","Pavia","MEEES","GLODEP","NANOMED",NA,NA,NA,NA,NA,NA,NA,NA,NA,NA,NA,NA,NA,NA,NA,NA,NA,"9.1582069","45.1847248","http://www.meees.org/","http://glodep.eu/","http://master-nanomed.eu/",NA,NA,NA,NA,NA,NA,NA,NA,NA,NA,NA,NA,NA,NA,NA,NA,NA,NA,"NEW","NEW",NA,NA,NA,NA,NA,NA,NA,NA,NA,NA,NA,NA,NA,NA,NA,NA,NA,"Pavia","Pavia"
"184","Peloponnese","MAISI",NA,NA,NA,NA,NA,NA,NA,NA,NA,NA,NA,NA,NA,NA,NA,NA,NA,NA,NA,"22.37349","37.5079472","http://www.maisi-project.eu/",NA,NA,NA,NA,NA,NA,NA,NA,NA,NA,NA,NA,NA,NA,NA,NA,NA,NA,NA,"NEW",NA,NA,NA,NA,NA,NA,NA,NA,NA,NA,NA,NA,NA,NA,NA,NA,NA,NA,NA,"Peloponnese","Peloponnese"
"185","Perpignan","CWCN",NA,NA,NA,NA,NA,NA,NA,NA,NA,NA,NA,NA,NA,NA,NA,NA,NA,NA,NA,"2.8948","42.6887","http://www.munduscrossways.eu/",NA,NA,NA,NA,NA,NA,NA,NA,NA,NA,NA,NA,NA,NA,NA,NA,NA,NA,NA,"D/C",NA,NA,NA,NA,NA,NA,NA,NA,NA,NA,NA,NA,NA,NA,NA,NA,NA,NA,NA,"Perpignan","Perpignan"
"186","Perugia","TCCM",NA,NA,NA,NA,NA,NA,NA,NA,NA,NA,NA,NA,NA,NA,NA,NA,NA,NA,NA,"12.3908279","43.1107168","http://www.emtccm.org/",NA,NA,NA,NA,NA,NA,NA,NA,NA,NA,NA,NA,NA,NA,NA,NA,NA,NA,NA,NA,NA,NA,NA,NA,NA,NA,NA,NA,NA,NA,NA,NA,NA,NA,NA,NA,NA,NA,NA,"Perugia","Perugia"
"187","Pisa","IMRD",NA,NA,NA,NA,NA,NA,NA,NA,NA,NA,NA,NA,NA,NA,NA,NA,NA,NA,NA,"10.4016888","43.7228386","http://www.imrd.ugent.be/",NA,NA,NA,NA,NA,NA,NA,NA,NA,NA,NA,NA,NA,NA,NA,NA,NA,NA,NA,NA,NA,NA,NA,NA,NA,NA,NA,NA,NA,NA,NA,NA,NA,NA,NA,NA,NA,NA,NA,"Pisa","Pisa"
"188","Poitiers","IMAE",NA,NA,NA,NA,NA,NA,NA,NA,NA,NA,NA,NA,NA,NA,NA,NA,NA,NA,NA,"0.340375","46.580224","http://www.emmc-imae.org/",NA,NA,NA,NA,NA,NA,NA,NA,NA,NA,NA,NA,NA,NA,NA,NA,NA,NA,NA,NA,NA,NA,NA,NA,NA,NA,NA,NA,NA,NA,NA,NA,NA,NA,NA,NA,NA,NA,NA,"Poitiers","Poitiers"
"189","Ponta Delgada","EMMCMSP",NA,NA,NA,NA,NA,NA,NA,NA,NA,NA,NA,NA,NA,NA,NA,NA,NA,NA,NA,"-25.6805868","37.7428301","http://www.iuav.it/Didattica1/master/master---I1/Erasmus-Mu/",NA,NA,NA,NA,NA,NA,NA,NA,NA,NA,NA,NA,NA,NA,NA,NA,NA,NA,NA,NA,NA,NA,NA,NA,NA,NA,NA,NA,NA,NA,NA,NA,NA,NA,NA,NA,NA,NA,NA,"Ponta Delgada","Ponta Delgada"
"190","Porto","BIFTEC","MEDfOR","TCCM","SERP+",NA,NA,NA,NA,NA,NA,NA,NA,NA,NA,NA,NA,NA,NA,NA,NA,"-8.6291053","41.1579438","http://www.fet.kuleuven.be/biftec","http://www.medfor.eu/","http://www.emtccm.org/","http://www.master-serp.eu/",NA,NA,NA,NA,NA,NA,NA,NA,NA,NA,NA,NA,NA,NA,NA,NA,NA,"D/C",NA,"NEW",NA,NA,NA,NA,NA,NA,NA,NA,NA,NA,NA,NA,NA,NA,NA,NA,"Porto","Porto"
"191","Porto Alegre","IMAE",NA,NA,NA,NA,NA,NA,NA,NA,NA,NA,NA,NA,NA,NA,NA,NA,NA,NA,NA,"-51.2176584","-30.0346471","http://www.emmc-imae.org/",NA,NA,NA,NA,NA,NA,NA,NA,NA,NA,NA,NA,NA,NA,NA,NA,NA,NA,NA,NA,NA,NA,NA,NA,NA,NA,NA,NA,NA,NA,NA,NA,NA,NA,NA,NA,NA,NA,NA,"Porto Alegre","Porto Alegre"
"192","Potenza","EDAMUS",NA,NA,NA,NA,NA,NA,NA,NA,NA,NA,NA,NA,NA,NA,NA,NA,NA,NA,NA,"15.8055","40.6464","http://www.master-edamus.eu/",NA,NA,NA,NA,NA,NA,NA,NA,NA,NA,NA,NA,NA,NA,NA,NA,NA,NA,NA,"D/C",NA,NA,NA,NA,NA,NA,NA,NA,NA,NA,NA,NA,NA,NA,NA,NA,NA,NA,NA,"Potenza","Potenza"
"193","Potsdam","EMCL+","MEEES",NA,NA,NA,NA,NA,NA,NA,NA,NA,NA,NA,NA,NA,NA,NA,NA,NA,NA,"13.0644729","52.3905689","http://emcl.eu/","http://www.meees.org/",NA,NA,NA,NA,NA,NA,NA,NA,NA,NA,NA,NA,NA,NA,NA,NA,NA,NA,"NEW",NA,NA,NA,NA,NA,NA,NA,NA,NA,NA,NA,NA,NA,NA,NA,NA,NA,NA,NA,"Potsdam","Potsdam"
"194","Poznań","SERP+","CWCN","EUCOMOR",NA,NA,NA,NA,NA,NA,NA,NA,NA,NA,NA,NA,NA,NA,NA,NA,NA,"16.9251681","52.406374","http://www.master-serp.eu/","http://www.munduscrossways.eu/","http://www.eucomor.net/",NA,NA,NA,NA,NA,NA,NA,NA,NA,NA,NA,NA,NA,NA,NA,NA,NA,"NEW","D/C",NA,NA,NA,NA,NA,NA,NA,NA,NA,NA,NA,NA,NA,NA,NA,NA,NA,NA,"Poznań","Poznań"
"195","Prague","MAISI","IMSISS","EUROPHILOSOPHIE","LCT","SPACEMASTER","SUSCOS","EM3E4SW","MEGEI",NA,NA,NA,NA,NA,NA,NA,NA,NA,NA,NA,NA,"14.4378","50.0755","http://www.maisi-project.eu/","http://www.gla.ac.uk/postgraduate/erasmusmundus/imsiss/","http://europhilomem.hypotheses.org/","http://www.lct-master.org/","http://www.spacemaster.eu/","http://steel.fsv.cvut.cz/suscos/","http://em3e-4sw.eu/em3e/index.php","http://www.ua.ac.be/egei",NA,NA,NA,NA,NA,NA,NA,NA,NA,NA,NA,NA,"NEW","NEW","D/C",NA,NA,"D/C","NEW",NA,NA,NA,NA,NA,NA,NA,NA,NA,NA,NA,NA,NA,"Prague","Prague"
"196","Pune","EUROCULTURE",NA,NA,NA,NA,NA,NA,NA,NA,NA,NA,NA,NA,NA,NA,NA,NA,NA,NA,NA,"73.8567","18.5204","https://www.euroculturemaster.eu/",NA,NA,NA,NA,NA,NA,NA,NA,NA,NA,NA,NA,NA,NA,NA,NA,NA,NA,NA,"D/C",NA,NA,NA,NA,NA,NA,NA,NA,NA,NA,NA,NA,NA,NA,NA,NA,NA,NA,NA,"Pune","Pune"
"197","Québec","NEURASMUS",NA,NA,NA,NA,NA,NA,NA,NA,NA,NA,NA,NA,NA,NA,NA,NA,NA,NA,NA,"-71.2079809","46.8138783","www.neurasmus.u-bordeaux2.fr",NA,NA,NA,NA,NA,NA,NA,NA,NA,NA,NA,NA,NA,NA,NA,NA,NA,NA,NA,"NEW",NA,NA,NA,NA,NA,NA,NA,NA,NA,NA,NA,NA,NA,NA,NA,NA,NA,NA,NA,"Québec","Québec"
"198","Regensburg","IMSISS","CoDe",NA,NA,NA,NA,NA,NA,NA,NA,NA,NA,NA,NA,NA,NA,NA,NA,NA,NA,"12.1016236","49.0134297","http://www.gla.ac.uk/postgraduate/erasmusmundus/imsiss/","http://www.erasmusmundus-code.eu/",NA,NA,NA,NA,NA,NA,NA,NA,NA,NA,NA,NA,NA,NA,NA,NA,NA,NA,"NEW",NA,NA,NA,NA,NA,NA,NA,NA,NA,NA,NA,NA,NA,NA,NA,NA,NA,NA,NA,"Regensburg","Regensburg"
"199","Rennes","IMRD","PlantHealth","MAMASELF","MAMASELF","EPH+",NA,NA,NA,NA,NA,NA,NA,NA,NA,NA,NA,NA,NA,NA,NA,"-1.6777926","48.117266","http://www.imrd.ugent.be/","http://planthealth.upv.es/","http://www.mamaself.eu/","https://www.mamaself.eu/","http://www.europubhealth.org/",NA,NA,NA,NA,NA,NA,NA,NA,NA,NA,NA,NA,NA,NA,NA,NA,NA,NA,"NEW","NEW",NA,NA,NA,NA,NA,NA,NA,NA,NA,NA,NA,NA,NA,NA,NA,"Rennes","Rennes"
"200","Rio de Janeiro","MITRA","EuroAquae+",NA,NA,NA,NA,NA,NA,NA,NA,NA,NA,NA,NA,NA,NA,NA,NA,NA,NA,"-43.17536","-22.9541412","http://mastermitra.univ-lille3.fr/","http://master.euroaquae.eu/",NA,NA,NA,NA,NA,NA,NA,NA,NA,NA,NA,NA,NA,NA,NA,NA,NA,NA,"D/C","NEW",NA,NA,NA,NA,NA,NA,NA,NA,NA,NA,NA,NA,NA,NA,NA,NA,NA,NA,"Rio de Janeiro","Rio de Janeiro"
"201","Rome","EUPADRA","EMLex","ATOSIM","ARCHMAT","STEPS","MUNDUS URBANO",NA,NA,NA,NA,NA,NA,NA,NA,NA,NA,NA,NA,NA,NA,"12.4963655","41.9027835","http://eupadra.eu/","http://www.emlex.phil.uni-erlangen.de/","http://www.erasmusmundus-atosim.cecam.org/","http://www.erasmusmundus-archmat.uevora.pt/","http://emmcsteps.uniovi.es/","http://www.mundus-urbano.eu/",NA,NA,NA,NA,NA,NA,NA,NA,NA,NA,NA,NA,NA,NA,NA,NA,"D/C",NA,NA,NA,NA,NA,NA,NA,NA,NA,NA,NA,NA,NA,NA,NA,NA,NA,"Rome","Rome"
"202","Roskilde","EMGS",NA,NA,NA,NA,NA,NA,NA,NA,NA,NA,NA,NA,NA,NA,NA,NA,NA,NA,NA,"12.087845","55.64191","http://www.globalstudies-masters.info/",NA,NA,NA,NA,NA,NA,NA,NA,NA,NA,NA,NA,NA,NA,NA,NA,NA,NA,NA,NA,NA,NA,NA,NA,NA,NA,NA,NA,NA,NA,NA,NA,NA,NA,NA,NA,NA,NA,NA,"Roskilde","Roskilde"
"203","Rostock","EMSHIP",NA,NA,NA,NA,NA,NA,NA,NA,NA,NA,NA,NA,NA,NA,NA,NA,NA,NA,NA,"12.0991466","54.0924406","http://www.emship.eu/",NA,NA,NA,NA,NA,NA,NA,NA,NA,NA,NA,NA,NA,NA,NA,NA,NA,NA,NA,NA,NA,NA,NA,NA,NA,NA,NA,NA,NA,NA,NA,NA,NA,NA,NA,NA,NA,NA,NA,"Rostock","Rostock"
"204","Rotterdam","EMLE","GLOCAL",NA,NA,NA,NA,NA,NA,NA,NA,NA,NA,NA,NA,NA,NA,NA,NA,NA,NA,"4.4777325","51.9244201","http://www.emle.org/","http://www.gla.ac.uk/postgraduate/erasmusmundus/glocal/",NA,NA,NA,NA,NA,NA,NA,NA,NA,NA,NA,NA,NA,NA,NA,NA,NA,NA,NA,"NEW",NA,NA,NA,NA,NA,NA,NA,NA,NA,NA,NA,NA,NA,NA,NA,NA,NA,NA,"Rotterdam","Rotterdam"
"205","Saarbrücken","AMASE","LCT",NA,NA,NA,NA,NA,NA,NA,NA,NA,NA,NA,NA,NA,NA,NA,NA,NA,NA,"6.9969327","49.2401572","http://www.amase-master.net/","http://www.lct-master.org/",NA,NA,NA,NA,NA,NA,NA,NA,NA,NA,NA,NA,NA,NA,NA,NA,NA,NA,NA,NA,NA,NA,NA,NA,NA,NA,NA,NA,NA,NA,NA,NA,NA,NA,NA,NA,NA,NA,"Saarbrücken","Saarbrücken"
"206","Saint-Etienne","COSI","Dyclam",NA,NA,NA,NA,NA,NA,NA,NA,NA,NA,NA,NA,NA,NA,NA,NA,NA,NA,"4.3871779","45.439695","http://www.master-colorscience.eu/","http://www.dyclam.eu/fr/",NA,NA,NA,NA,NA,NA,NA,NA,NA,NA,NA,NA,NA,NA,NA,NA,NA,NA,NA,NA,NA,NA,NA,NA,NA,NA,NA,NA,NA,NA,NA,NA,NA,NA,NA,NA,NA,NA,"Saint-Etienne","Saint-Etienne"
"207","Saint Petersburg","PERCCOM","WACOMA",NA,NA,NA,NA,NA,NA,NA,NA,NA,NA,NA,NA,NA,NA,NA,NA,NA,NA,"0.3351","59.9343","http://perccom.univ-lorraine.fr/","http://erasmusmundus.uca.es/en/content,3,erasmus-mundus",NA,NA,NA,NA,NA,NA,NA,NA,NA,NA,NA,NA,NA,NA,NA,NA,NA,NA,NA,"D/C",NA,NA,NA,NA,NA,NA,NA,NA,NA,NA,NA,NA,NA,NA,NA,NA,NA,NA,"Saint Petersburg","Saint Petersburg"
"208","Salamanca","NUPHYS",NA,NA,NA,NA,NA,NA,NA,NA,NA,NA,NA,NA,NA,NA,NA,NA,NA,NA,NA,"-5.6635397","40.9701039","alojamientosv.us.es/nuphysjmd/",NA,NA,NA,NA,NA,NA,NA,NA,NA,NA,NA,NA,NA,NA,NA,NA,NA,NA,NA,"NEW",NA,NA,NA,NA,NA,NA,NA,NA,NA,NA,NA,NA,NA,NA,NA,NA,NA,NA,NA,"Salamanca","Salamanca"
"209","Salzburg","DCLead",NA,NA,NA,NA,NA,NA,NA,NA,NA,NA,NA,NA,NA,NA,NA,NA,NA,NA,NA,"13.05501","47.80949","http://www.dclead.eu/",NA,NA,NA,NA,NA,NA,NA,NA,NA,NA,NA,NA,NA,NA,NA,NA,NA,NA,NA,NA,NA,NA,NA,NA,NA,NA,NA,NA,NA,NA,NA,NA,NA,NA,NA,NA,NA,NA,NA,"Salzburg","Salzburg"
"210","San Juan","WOP-P",NA,NA,NA,NA,NA,NA,NA,NA,NA,NA,NA,NA,NA,NA,NA,NA,NA,NA,NA,"-66.1057355","18.4655394","https://www.erasmuswop.org",NA,NA,NA,NA,NA,NA,NA,NA,NA,NA,NA,NA,NA,NA,NA,NA,NA,NA,NA,"NEW",NA,NA,NA,NA,NA,NA,NA,NA,NA,NA,NA,NA,NA,NA,NA,NA,NA,NA,NA,"San Juan","San Juan"
"211","San Sebastian","LCT",NA,NA,NA,NA,NA,NA,NA,NA,NA,NA,NA,NA,NA,NA,NA,NA,NA,NA,NA,"-1.9812313","43.318334","http://www.lct-master.org/",NA,NA,NA,NA,NA,NA,NA,NA,NA,NA,NA,NA,NA,NA,NA,NA,NA,NA,NA,NA,NA,NA,NA,NA,NA,NA,NA,NA,NA,NA,NA,NA,NA,NA,NA,NA,NA,NA,NA,"San Sebastian","San Sebastian"
"212","Santander","MEGEI",NA,NA,NA,NA,NA,NA,NA,NA,NA,NA,NA,NA,NA,NA,NA,NA,NA,NA,NA,"-3.8099803","43.4623057","http://www.ua.ac.be/egei",NA,NA,NA,NA,NA,NA,NA,NA,NA,NA,NA,NA,NA,NA,NA,NA,NA,NA,NA,NA,NA,NA,NA,NA,NA,NA,NA,NA,NA,NA,NA,NA,NA,NA,NA,NA,NA,NA,NA,"Santander","Santander"
"213","Santarém","EMECC NURSING","EMECC NURSING",NA,NA,NA,NA,NA,NA,NA,NA,NA,NA,NA,NA,NA,NA,NA,NA,NA,NA,"-8.704075","39.2848804","http://masternursing.uniovi.es/","http://masternursing.uniovi.es/",NA,NA,NA,NA,NA,NA,NA,NA,NA,NA,NA,NA,NA,NA,NA,NA,NA,NA,"D/C",NA,NA,NA,NA,NA,NA,NA,NA,NA,NA,NA,NA,NA,NA,NA,NA,NA,NA,NA,"Santarém","Santarém"
"214","Santiago de Compostela","EMLex","CWCN",NA,NA,NA,NA,NA,NA,NA,NA,NA,NA,NA,NA,NA,NA,NA,NA,NA,NA,"-8.5448445","42.8782132","http://www.emlex.phil.uni-erlangen.de/","http://www.munduscrossways.eu/",NA,NA,NA,NA,NA,NA,NA,NA,NA,NA,NA,NA,NA,NA,NA,NA,NA,NA,NA,"D/C",NA,NA,NA,NA,NA,NA,NA,NA,NA,NA,NA,NA,NA,NA,NA,NA,NA,NA,"Santiago de Compostela","Santiago de Compostela"
"215","Santos","WACOMA",NA,NA,NA,NA,NA,NA,NA,NA,NA,NA,NA,NA,NA,NA,NA,NA,NA,NA,NA,"-46.330376","-23.944841","http://erasmusmundus.uca.es/en/content,3,erasmus-mundus",NA,NA,NA,NA,NA,NA,NA,NA,NA,NA,NA,NA,NA,NA,NA,NA,NA,NA,NA,"D/C",NA,NA,NA,NA,NA,NA,NA,NA,NA,NA,NA,NA,NA,NA,NA,NA,NA,NA,NA,"Santos","Santos"
"216","Sao Carlos","EUROPHILOSOPHIE",NA,NA,NA,NA,NA,NA,NA,NA,NA,NA,NA,NA,NA,NA,NA,NA,NA,NA,NA,"-47.8909","-22.0087","http://europhilomem.hypotheses.org/",NA,NA,NA,NA,NA,NA,NA,NA,NA,NA,NA,NA,NA,NA,NA,NA,NA,NA,NA,"D/C",NA,NA,NA,NA,NA,NA,NA,NA,NA,NA,NA,NA,NA,NA,NA,NA,NA,NA,NA,"Sao Carlos","Sao Carlos"
"217","Seville","NUPHYS","EMMCMSP",NA,NA,NA,NA,NA,NA,NA,NA,NA,NA,NA,NA,NA,NA,NA,NA,NA,NA,"-5.9844589","37.3890924","alojamientosv.us.es/nuphysjmd/","http://www.iuav.it/Didattica1/master/master---I1/Erasmus-Mu/",NA,NA,NA,NA,NA,NA,NA,NA,NA,NA,NA,NA,NA,NA,NA,NA,NA,NA,"NEW",NA,NA,NA,NA,NA,NA,NA,NA,NA,NA,NA,NA,NA,NA,NA,NA,NA,NA,NA,"Seville","Seville"
"218","Sheffield","CWCN","EPH+",NA,NA,NA,NA,NA,NA,NA,NA,NA,NA,NA,NA,NA,NA,NA,NA,NA,NA,"-1.4701","53.3811","http://www.munduscrossways.eu/","http://www.europubhealth.org/",NA,NA,NA,NA,NA,NA,NA,NA,NA,NA,NA,NA,NA,NA,NA,NA,NA,NA,"D/C","NEW",NA,NA,NA,NA,NA,NA,NA,NA,NA,NA,NA,NA,NA,NA,NA,NA,NA,NA,"Sheffield","Sheffield"
"219","Singapure","EuroAquae+",NA,NA,NA,NA,NA,NA,NA,NA,NA,NA,NA,NA,NA,NA,NA,NA,NA,NA,NA,"103.77639","1.2966426","http://master.euroaquae.eu/",NA,NA,NA,NA,NA,NA,NA,NA,NA,NA,NA,NA,NA,NA,NA,NA,NA,NA,NA,"NEW",NA,NA,NA,NA,NA,NA,NA,NA,NA,NA,NA,NA,NA,NA,NA,NA,NA,NA,NA,"Singapure","Singapure"
"220","Solna","EMPHID",NA,NA,NA,NA,NA,NA,NA,NA,NA,NA,NA,NA,NA,NA,NA,NA,NA,NA,NA,"18.0084334","59.3688791","http://www.pubhealthdisasters.eu/",NA,NA,NA,NA,NA,NA,NA,NA,NA,NA,NA,NA,NA,NA,NA,NA,NA,NA,NA,NA,NA,NA,NA,NA,NA,NA,NA,NA,NA,NA,NA,NA,NA,NA,NA,NA,NA,NA,NA,"Solna","Solna"
"221","Southampton","CoMEM","EMECS","MEREMMC",NA,NA,NA,NA,NA,NA,NA,NA,NA,NA,NA,NA,NA,NA,NA,NA,NA,"-1.4043509","50.9097004","http://www.ntnu.edu/studies/mscomem","http://www.emecs.eu/","http://www.merconsortium.eu/",NA,NA,NA,NA,NA,NA,NA,NA,NA,NA,NA,NA,NA,NA,NA,NA,NA,NA,NA,NA,NA,NA,NA,NA,NA,NA,NA,NA,NA,NA,NA,NA,NA,NA,NA,NA,NA,"Southampton","Southampton"
"222","St. Andrews","CWCN",NA,NA,NA,NA,NA,NA,NA,NA,NA,NA,NA,NA,NA,NA,NA,NA,NA,NA,NA,"-2.7967","56.3398","http://www.munduscrossways.eu/",NA,NA,NA,NA,NA,NA,NA,NA,NA,NA,NA,NA,NA,NA,NA,NA,NA,NA,NA,"D/C",NA,NA,NA,NA,NA,NA,NA,NA,NA,NA,NA,NA,NA,NA,NA,NA,NA,NA,NA,"St. Andrews","St. Andrews"
"223","Stavanger","MFAMILY",NA,NA,NA,NA,NA,NA,NA,NA,NA,NA,NA,NA,NA,NA,NA,NA,NA,NA,NA,"5.7331073","58.9699756","http://www.mfamily.eu/",NA,NA,NA,NA,NA,NA,NA,NA,NA,NA,NA,NA,NA,NA,NA,NA,NA,NA,NA,NA,NA,NA,NA,NA,NA,NA,NA,NA,NA,NA,NA,NA,NA,NA,NA,NA,NA,NA,NA,"Stavanger","Stavanger"
"224","Stellenbosch","EMLex",NA,NA,NA,NA,NA,NA,NA,NA,NA,NA,NA,NA,NA,NA,NA,NA,NA,NA,NA,"18.860152","-33.9321045","http://www.emlex.phil.uni-erlangen.de/",NA,NA,NA,NA,NA,NA,NA,NA,NA,NA,NA,NA,NA,NA,NA,NA,NA,NA,NA,NA,NA,NA,NA,NA,NA,NA,NA,NA,NA,NA,NA,NA,NA,NA,NA,NA,NA,NA,NA,"Stellenbosch","Stellenbosch"
"225","Stockholm","ME3",NA,NA,NA,NA,NA,NA,NA,NA,NA,NA,NA,NA,NA,NA,NA,NA,NA,NA,NA,"18.0685808","59.3293235","http://www.emn.fr/z-de/me3-site/",NA,NA,NA,NA,NA,NA,NA,NA,NA,NA,NA,NA,NA,NA,NA,NA,NA,NA,NA,NA,NA,NA,NA,NA,NA,NA,NA,NA,NA,NA,NA,NA,NA,NA,NA,NA,NA,NA,NA,"Stockholm","Stockholm"
"226","Stoke-on-Trent","MEGEI",NA,NA,NA,NA,NA,NA,NA,NA,NA,NA,NA,NA,NA,NA,NA,NA,NA,NA,NA,"-2.179404","53.002668","http://www.ua.ac.be/egei",NA,NA,NA,NA,NA,NA,NA,NA,NA,NA,NA,NA,NA,NA,NA,NA,NA,NA,NA,NA,NA,NA,NA,NA,NA,NA,NA,NA,NA,NA,NA,NA,NA,NA,NA,NA,NA,NA,NA,"Stoke-on-Trent","Stoke-on-Trent"
"227","Strasbourg","EUROCULTURE","CLE",NA,NA,NA,NA,NA,NA,NA,NA,NA,NA,NA,NA,NA,NA,NA,NA,NA,NA,"7.7521","48.5734","https://www.euroculturemaster.eu/","http://www.cle.unibo.it/site/",NA,NA,NA,NA,NA,NA,NA,NA,NA,NA,NA,NA,NA,NA,NA,NA,NA,NA,"D/C",NA,NA,NA,NA,NA,NA,NA,NA,NA,NA,NA,NA,NA,NA,NA,NA,NA,NA,NA,"Strasbourg","Strasbourg"
"228","Stuttgart","MCM","Dyclam",NA,NA,NA,NA,NA,NA,NA,NA,NA,NA,NA,NA,NA,NA,NA,NA,NA,NA,"9.1829321","48.7758459","http://www.cimne.com/cm-master/","http://www.dyclam.eu/fr/",NA,NA,NA,NA,NA,NA,NA,NA,NA,NA,NA,NA,NA,NA,NA,NA,NA,NA,NA,NA,NA,NA,NA,NA,NA,NA,NA,NA,NA,NA,NA,NA,NA,NA,NA,NA,NA,NA,"Stuttgart","Stuttgart"
"229","Swansea","MUNDUS JOURNALISM","MCM","MAISI",NA,NA,NA,NA,NA,NA,NA,NA,NA,NA,NA,NA,NA,NA,NA,NA,NA,"-3.943646","51.62144","http://www.mundusjournalism.com/","http://www.cimne.com/cm-master/","http://www.maisi-project.eu/",NA,NA,NA,NA,NA,NA,NA,NA,NA,NA,NA,NA,NA,NA,NA,NA,NA,NA,NA,"NEW",NA,NA,NA,NA,NA,NA,NA,NA,NA,NA,NA,NA,NA,NA,NA,NA,NA,"Swansea","Swansea"
"230","Szczecin","EMSHIP",NA,NA,NA,NA,NA,NA,NA,NA,NA,NA,NA,NA,NA,NA,NA,NA,NA,NA,NA,"14.5528116","53.4285438","http://www.emship.eu/",NA,NA,NA,NA,NA,NA,NA,NA,NA,NA,NA,NA,NA,NA,NA,NA,NA,NA,NA,NA,NA,NA,NA,NA,NA,NA,NA,NA,NA,NA,NA,NA,NA,NA,NA,NA,NA,NA,NA,"Szczecin","Szczecin"
"231","Tallin","VufindR","PIONEER",NA,NA,NA,NA,NA,NA,NA,NA,NA,NA,NA,NA,NA,NA,NA,NA,NA,NA,"24.7535746","59.4369608","http://www.viewfinder-ma.eu/","http://pioneer-master.eu/",NA,NA,NA,NA,NA,NA,NA,NA,NA,NA,NA,NA,NA,NA,NA,NA,NA,NA,"NEW","NEW",NA,NA,NA,NA,NA,NA,NA,NA,NA,NA,NA,NA,NA,NA,NA,NA,NA,NA,"Tallin","Tallin"
"232","Tallinn","KINOEYES | KEM","IMAESC",NA,NA,NA,NA,NA,NA,NA,NA,NA,NA,NA,NA,NA,NA,NA,NA,NA,NA,"24.7535746","59.4369608","http://www.kinoeyes.eu/","http://www.gla.ac.uk/postgraduate/erasmusmundus/imaesc/",NA,NA,NA,NA,NA,NA,NA,NA,NA,NA,NA,NA,NA,NA,NA,NA,NA,NA,NA,NA,NA,NA,NA,NA,NA,NA,NA,NA,NA,NA,NA,NA,NA,NA,NA,NA,NA,NA,"Tallinn","Tallinn"
"233","Tampere","MARIHE",NA,NA,NA,NA,NA,NA,NA,NA,NA,NA,NA,NA,NA,NA,NA,NA,NA,NA,NA,"23.761","61.4978","http://www.marihe.eu/",NA,NA,NA,NA,NA,NA,NA,NA,NA,NA,NA,NA,NA,NA,NA,NA,NA,NA,NA,"D/C",NA,NA,NA,NA,NA,NA,NA,NA,NA,NA,NA,NA,NA,NA,NA,NA,NA,NA,NA,"Tampere","Tampere"
"234","Tarragona","IMQP","WINTOUR",NA,NA,NA,NA,NA,NA,NA,NA,NA,NA,NA,NA,NA,NA,NA,NA,NA,NA,"1.2444909","41.1188827","https://sites.google.com/a/unife.it/quaternary-prehistory/","http://www.wintour-master.eu/en_index/",NA,NA,NA,NA,NA,NA,NA,NA,NA,NA,NA,NA,NA,NA,NA,NA,NA,NA,NA,NA,NA,NA,NA,NA,NA,NA,NA,NA,NA,NA,NA,NA,NA,NA,NA,NA,NA,NA,"Tarragona","Tarragona"
"235","Tartu","IMRCEES","EACH",NA,NA,NA,NA,NA,NA,NA,NA,NA,NA,NA,NA,NA,NA,NA,NA,NA,NA,"26.7290063","58.3776252","http://www.gla.ac.uk/postgraduate/erasmusmundus/imrcees/","http://www.analyticalchemistry.eu/",NA,NA,NA,NA,NA,NA,NA,NA,NA,NA,NA,NA,NA,NA,NA,NA,NA,NA,NA,NA,NA,NA,NA,NA,NA,NA,NA,NA,NA,NA,NA,NA,NA,NA,NA,NA,NA,NA,"Tartu","Tartu"
"236","The Hague","MUNDUS MAPP",NA,NA,NA,NA,NA,NA,NA,NA,NA,NA,NA,NA,NA,NA,NA,NA,NA,NA,NA,"4.3007","52.0705","http://www.mundusmapp.org/",NA,NA,NA,NA,NA,NA,NA,NA,NA,NA,NA,NA,NA,NA,NA,NA,NA,NA,NA,"D/C",NA,NA,NA,NA,NA,NA,NA,NA,NA,NA,NA,NA,NA,NA,NA,NA,NA,NA,NA,"The Hague","The Hague"
"237","Thessaloniki","ARCHMAT","CLE",NA,NA,NA,NA,NA,NA,NA,NA,NA,NA,NA,NA,NA,NA,NA,NA,NA,NA,"22.9444191","40.6400629","http://www.erasmusmundus-archmat.uevora.pt/","http://www.cle.unibo.it/site/",NA,NA,NA,NA,NA,NA,NA,NA,NA,NA,NA,NA,NA,NA,NA,NA,NA,NA,NA,NA,NA,NA,NA,NA,NA,NA,NA,NA,NA,NA,NA,NA,NA,NA,NA,NA,NA,NA,"Thessaloniki","Thessaloniki"
"238","Timisoara","SUSCOS",NA,NA,NA,NA,NA,NA,NA,NA,NA,NA,NA,NA,NA,NA,NA,NA,NA,NA,NA,"21.2087","45.7489","http://steel.fsv.cvut.cz/suscos/",NA,NA,NA,NA,NA,NA,NA,NA,NA,NA,NA,NA,NA,NA,NA,NA,NA,NA,NA,"D/C",NA,NA,NA,NA,NA,NA,NA,NA,NA,NA,NA,NA,NA,NA,NA,NA,NA,NA,NA,"Timisoara","Timisoara"
"239","Tokyo","EUROPHILOSOPHIE",NA,NA,NA,NA,NA,NA,NA,NA,NA,NA,NA,NA,NA,NA,NA,NA,NA,NA,NA,"139.6917","35.6895","http://europhilomem.hypotheses.org/",NA,NA,NA,NA,NA,NA,NA,NA,NA,NA,NA,NA,NA,NA,NA,NA,NA,NA,NA,"D/C",NA,NA,NA,NA,NA,NA,NA,NA,NA,NA,NA,NA,NA,NA,NA,NA,NA,NA,NA,"Tokyo","Tokyo"
"240","Tomar","IMQP","Dyclam",NA,NA,NA,NA,NA,NA,NA,NA,NA,NA,NA,NA,NA,NA,NA,NA,NA,NA,"-8.4042526","39.6052067","https://sites.google.com/a/unife.it/quaternary-prehistory/","http://www.dyclam.eu/fr/",NA,NA,NA,NA,NA,NA,NA,NA,NA,NA,NA,NA,NA,NA,NA,NA,NA,NA,NA,NA,NA,NA,NA,NA,NA,NA,NA,NA,NA,NA,NA,NA,NA,NA,NA,NA,NA,NA,"Tomar","Tomar"
"241","Torino","MAMASELF","MAMASELF",NA,NA,NA,NA,NA,NA,NA,NA,NA,NA,NA,NA,NA,NA,NA,NA,NA,NA,"7.6868565","45.070312","http://www.mamaself.eu/","https://www.mamaself.eu/",NA,NA,NA,NA,NA,NA,NA,NA,NA,NA,NA,NA,NA,NA,NA,NA,NA,NA,NA,"NEW",NA,NA,NA,NA,NA,NA,NA,NA,NA,NA,NA,NA,NA,NA,NA,NA,NA,NA,"Torino","Torino"
"242","Toulouse","TCCM","SPACEMASTER","EM-SANF","EM3E4SW","EUROPHILOSOPHIE",NA,NA,NA,NA,NA,NA,NA,NA,NA,NA,NA,NA,NA,NA,NA,"1.4442","43.6047","http://www.emtccm.org/","http://www.spacemaster.eu/","http://www.emsanf.eu/UK/","http://em3e-4sw.eu/em3e/index.php","http://europhilomem.hypotheses.org/",NA,NA,NA,NA,NA,NA,NA,NA,NA,NA,NA,NA,NA,NA,NA,NA,NA,"D/C","NEW","D/C",NA,NA,NA,NA,NA,NA,NA,NA,NA,NA,NA,NA,NA,NA,NA,"Toulouse","Toulouse"
"243","Tours cedex 1","BDMA",NA,NA,NA,NA,NA,NA,NA,NA,NA,NA,NA,NA,NA,NA,NA,NA,NA,NA,NA,"0.6738728","47.3838055","http://bdma.univ-tours.fr/bdma/",NA,NA,NA,NA,NA,NA,NA,NA,NA,NA,NA,NA,NA,NA,NA,NA,NA,NA,NA,"NEW",NA,NA,NA,NA,NA,NA,NA,NA,NA,NA,NA,NA,NA,NA,NA,NA,NA,NA,NA,"Tours cedex 1","Tours cedex 1"
"244","Trabzon","MEDfOR",NA,NA,NA,NA,NA,NA,NA,NA,NA,NA,NA,NA,NA,NA,NA,NA,NA,NA,NA,"39.7168","41.0027","http://www.medfor.eu/",NA,NA,NA,NA,NA,NA,NA,NA,NA,NA,NA,NA,NA,NA,NA,NA,NA,NA,NA,"D/C",NA,NA,NA,NA,NA,NA,NA,NA,NA,NA,NA,NA,NA,NA,NA,NA,NA,NA,NA,"Trabzon","Trabzon"
"245","Trento","LCT","CoDe",NA,NA,NA,NA,NA,NA,NA,NA,NA,NA,NA,NA,NA,NA,NA,NA,NA,NA,"11.1217486","46.0747793","http://www.lct-master.org/","http://www.erasmusmundus-code.eu/",NA,NA,NA,NA,NA,NA,NA,NA,NA,NA,NA,NA,NA,NA,NA,NA,NA,NA,NA,NA,NA,NA,NA,NA,NA,NA,NA,NA,NA,NA,NA,NA,NA,NA,NA,NA,NA,NA,"Trento","Trento"
"246","Trondheim","EWEM","CoMEM",NA,NA,NA,NA,NA,NA,NA,NA,NA,NA,NA,NA,NA,NA,NA,NA,NA,NA,"10.3950528","63.4305149","http://www.windenergymaster.eu/","http://www.ntnu.edu/studies/mscomem",NA,NA,NA,NA,NA,NA,NA,NA,NA,NA,NA,NA,NA,NA,NA,NA,NA,NA,"D/C",NA,NA,NA,NA,NA,NA,NA,NA,NA,NA,NA,NA,NA,NA,NA,NA,NA,NA,NA,"Trondheim","Trondheim"
"247","Turin","EPOG","VINIFERA","VINIFERA",NA,NA,NA,NA,NA,NA,NA,NA,NA,NA,NA,NA,NA,NA,NA,NA,NA,"7.6868565","45.070312","http://www.epog.eu/","http://vinifera-euromaster.eu/","http://vinifera-euromaster.eu/",NA,NA,NA,NA,NA,NA,NA,NA,NA,NA,NA,NA,NA,NA,NA,NA,NA,NA,NA,NA,NA,NA,NA,NA,NA,NA,NA,NA,NA,NA,NA,NA,NA,NA,NA,NA,NA,"Turin","Turin"
"248","Turku","EACH",NA,NA,NA,NA,NA,NA,NA,NA,NA,NA,NA,NA,NA,NA,NA,NA,NA,NA,NA,"22.2666303","60.4518126","http://www.analyticalchemistry.eu/",NA,NA,NA,NA,NA,NA,NA,NA,NA,NA,NA,NA,NA,NA,NA,NA,NA,NA,NA,NA,NA,NA,NA,NA,NA,NA,NA,NA,NA,NA,NA,NA,NA,NA,NA,NA,NA,NA,NA,"Turku","Turku"
"249","Twente","EM3E4SW",NA,NA,NA,NA,NA,NA,NA,NA,NA,NA,NA,NA,NA,NA,NA,NA,NA,NA,NA,"5.1376647","52.0638598","http://em3e-4sw.eu/em3e/index.php",NA,NA,NA,NA,NA,NA,NA,NA,NA,NA,NA,NA,NA,NA,NA,NA,NA,NA,NA,"NEW",NA,NA,NA,NA,NA,NA,NA,NA,NA,NA,NA,NA,NA,NA,NA,NA,NA,NA,NA,"Twente","Twente"
"250","Udine","VINIFERA","EUROCULTURE",NA,NA,NA,NA,NA,NA,NA,NA,NA,NA,NA,NA,NA,NA,NA,NA,NA,NA,"13.2345794","46.0710668","http://vinifera-euromaster.eu/","https://www.euroculturemaster.eu/",NA,NA,NA,NA,NA,NA,NA,NA,NA,NA,NA,NA,NA,NA,NA,NA,NA,NA,NA,"D/C",NA,NA,NA,NA,NA,NA,NA,NA,NA,NA,NA,NA,NA,NA,NA,NA,NA,NA,"Udine","Udine"
"251","Umea","MSPME",NA,NA,NA,NA,NA,NA,NA,NA,NA,NA,NA,NA,NA,NA,NA,NA,NA,NA,NA,"20.263","63.8258","http://www.mspme.org/",NA,NA,NA,NA,NA,NA,NA,NA,NA,NA,NA,NA,NA,NA,NA,NA,NA,NA,NA,"D/C",NA,NA,NA,NA,NA,NA,NA,NA,NA,NA,NA,NA,NA,NA,NA,NA,NA,NA,NA,"Umea","Umea"
"252","Uppsala","IMIM Med","EACH","MEME","EUROCULTURE",NA,NA,NA,NA,NA,NA,NA,NA,NA,NA,NA,NA,NA,NA,NA,NA,"17.6389","59.8586","http://www.innovativemedicine.eu/","http://www.analyticalchemistry.eu/","http://www.evobio.eu/","https://www.euroculturemaster.eu/",NA,NA,NA,NA,NA,NA,NA,NA,NA,NA,NA,NA,NA,NA,NA,NA,NA,NA,NA,"D/C",NA,NA,NA,NA,NA,NA,NA,NA,NA,NA,NA,NA,NA,NA,NA,NA,"Uppsala","Uppsala"
"253","Utrecht","GEMMA",NA,NA,NA,NA,NA,NA,NA,NA,NA,NA,NA,NA,NA,NA,NA,NA,NA,NA,NA,"5.1214","52.0907","http://masteres.ugr.es/gemma/",NA,NA,NA,NA,NA,NA,NA,NA,NA,NA,NA,NA,NA,NA,NA,NA,NA,NA,NA,"D/C",NA,NA,NA,NA,NA,NA,NA,NA,NA,NA,NA,NA,NA,NA,NA,NA,NA,NA,NA,"Utrecht","Utrecht"
"254","Valencia","PlantHealth","TCCM","WOP-P",NA,NA,NA,NA,NA,NA,NA,NA,NA,NA,NA,NA,NA,NA,NA,NA,NA,"-0.3762881","39.4699075","http://planthealth.upv.es/","http://www.emtccm.org/","https://www.erasmuswop.org",NA,NA,NA,NA,NA,NA,NA,NA,NA,NA,NA,NA,NA,NA,NA,NA,NA,NA,NA,"NEW",NA,NA,NA,NA,NA,NA,NA,NA,NA,NA,NA,NA,NA,NA,NA,NA,NA,"Valencia","Valencia"
"255","Valladolid","MEDfOR",NA,NA,NA,NA,NA,NA,NA,NA,NA,NA,NA,NA,NA,NA,NA,NA,NA,NA,NA,"-4.7245","41.6523","http://www.medfor.eu/",NA,NA,NA,NA,NA,NA,NA,NA,NA,NA,NA,NA,NA,NA,NA,NA,NA,NA,NA,"D/C",NA,NA,NA,NA,NA,NA,NA,NA,NA,NA,NA,NA,NA,NA,NA,NA,NA,NA,NA,"Valladolid","Valladolid"
"256","Venice","MIM","QEM","EMMCMSP",NA,NA,NA,NA,NA,NA,NA,NA,NA,NA,NA,NA,NA,NA,NA,NA,NA,"12.3155151","45.4408474","http://www.mastermimplus.eu/","http://erasmusmundus-qem.univ-paris1.fr/","http://www.iuav.it/Didattica1/master/master---I1/Erasmus-Mu/",NA,NA,NA,NA,NA,NA,NA,NA,NA,NA,NA,NA,NA,NA,NA,NA,NA,NA,NA,NA,NA,NA,NA,NA,NA,NA,NA,NA,NA,NA,NA,NA,NA,NA,NA,NA,NA,"Venice","Venice"
"257","Vestfold","SSI",NA,NA,NA,NA,NA,NA,NA,NA,NA,NA,NA,NA,NA,NA,NA,NA,NA,NA,NA,"10.1144355","59.1707862","http://ssi-master.eu/",NA,NA,NA,NA,NA,NA,NA,NA,NA,NA,NA,NA,NA,NA,NA,NA,NA,NA,NA,NA,NA,NA,NA,NA,NA,NA,NA,NA,NA,NA,NA,NA,NA,NA,NA,NA,NA,NA,NA,"Vestfold","Vestfold"
"258","Vienna","MScEF","EUCOMOR","EMGS","4CITIES","EMLE","CARTO",NA,NA,NA,NA,NA,NA,NA,NA,NA,NA,NA,NA,NA,NA,"16.3738189","48.2081743","http://www.uef.fi/en/web/mdp-europeanforestry","http://www.eucomor.net/","http://www.globalstudies-masters.info/","http://www.4cities.eu/","http://www.emle.org/","http://www.cartographymaster.eu/",NA,NA,NA,NA,NA,NA,NA,NA,NA,NA,NA,NA,NA,NA,"NEW",NA,NA,NA,NA,NA,NA,NA,NA,NA,NA,NA,NA,NA,NA,NA,NA,NA,NA,NA,"Vienna","Vienna"
"259","Vila Rea","IMQP",NA,NA,NA,NA,NA,NA,NA,NA,NA,NA,NA,NA,NA,NA,NA,NA,NA,NA,NA,"-7.7422354","41.3010351","https://sites.google.com/a/unife.it/quaternary-prehistory/",NA,NA,NA,NA,NA,NA,NA,NA,NA,NA,NA,NA,NA,NA,NA,NA,NA,NA,NA,NA,NA,NA,NA,NA,NA,NA,NA,NA,NA,NA,NA,NA,NA,NA,NA,NA,NA,NA,NA,"Vila Rea","Vila Rea"
"260","Vilnius","EUROPHOTONICS",NA,NA,NA,NA,NA,NA,NA,NA,NA,NA,NA,NA,NA,NA,NA,NA,NA,NA,NA,"25.2796514","54.6871555","http://www.europhotonics.org/wordpress/",NA,NA,NA,NA,NA,NA,NA,NA,NA,NA,NA,NA,NA,NA,NA,NA,NA,NA,NA,NA,NA,NA,NA,NA,NA,NA,NA,NA,NA,NA,NA,NA,NA,NA,NA,NA,NA,NA,NA,"Vilnius","Vilnius"
"261","Viterbo","MEDfOR",NA,NA,NA,NA,NA,NA,NA,NA,NA,NA,NA,NA,NA,NA,NA,NA,NA,NA,NA,"12.1077","42.4207","http://www.medfor.eu/",NA,NA,NA,NA,NA,NA,NA,NA,NA,NA,NA,NA,NA,NA,NA,NA,NA,NA,NA,"D/C",NA,NA,NA,NA,NA,NA,NA,NA,NA,NA,NA,NA,NA,NA,NA,NA,NA,NA,NA,"Viterbo","Viterbo"
"262","Wageningen","EM-SANF",NA,NA,NA,NA,NA,NA,NA,NA,NA,NA,NA,NA,NA,NA,NA,NA,NA,NA,NA,"5.6654","51.9692","http://www.emsanf.eu/UK/",NA,NA,NA,NA,NA,NA,NA,NA,NA,NA,NA,NA,NA,NA,NA,NA,NA,NA,NA,"D/C",NA,NA,NA,NA,NA,NA,NA,NA,NA,NA,NA,NA,NA,NA,NA,NA,NA,NA,NA,"Wageningen","Wageningen"
"263","Warsaw","G-MINDES","EMLE","ADVANCES","EuroAquae+","EMARO+",NA,NA,NA,NA,NA,NA,NA,NA,NA,NA,NA,NA,NA,NA,NA,"21.0122287","52.2296756","http://global-minds.eu/","http://www.emle.org/","http://www.socialworkadvances.org/","http://master.euroaquae.eu/","http://emaro.irccyn.ec-nantes.fr/",NA,NA,NA,NA,NA,NA,NA,NA,NA,NA,NA,NA,NA,NA,NA,"NEW",NA,NA,"NEW",NA,NA,NA,NA,NA,NA,NA,NA,NA,NA,NA,NA,NA,NA,NA,NA,"Warsaw","Warsaw"
"264","Wroclaw","MONABIP","EMGS","MONABIP",NA,NA,NA,NA,NA,NA,NA,NA,NA,NA,NA,NA,NA,NA,NA,NA,NA,"17.0385376","51.1078852","http://www.monabiphot.ens-cachan.fr/","http://www.globalstudies-masters.info/","http://www.monabiphot.ens-cachan.fr/",NA,NA,NA,NA,NA,NA,NA,NA,NA,NA,NA,NA,NA,NA,NA,NA,NA,NA,NA,NA,NA,NA,NA,NA,NA,NA,NA,NA,NA,NA,NA,NA,NA,NA,NA,NA,NA,"Wroclaw","Wroclaw"
"265","Wuppertal","EUROPHILOSOPHIE",NA,NA,NA,NA,NA,NA,NA,NA,NA,NA,NA,NA,NA,NA,NA,NA,NA,NA,NA,"7.1508","51.2562","http://europhilomem.hypotheses.org/",NA,NA,NA,NA,NA,NA,NA,NA,NA,NA,NA,NA,NA,NA,NA,NA,NA,NA,NA,"D/C",NA,NA,NA,NA,NA,NA,NA,NA,NA,NA,NA,NA,NA,NA,NA,NA,NA,NA,NA,"Wuppertal","Wuppertal"
"266","Würzburg","SPACEMASTER",NA,NA,NA,NA,NA,NA,NA,NA,NA,NA,NA,NA,NA,NA,NA,NA,NA,NA,NA,"9.9533548","49.7913044","http://www.spacemaster.eu/",NA,NA,NA,NA,NA,NA,NA,NA,NA,NA,NA,NA,NA,NA,NA,NA,NA,NA,NA,NA,NA,NA,NA,NA,NA,NA,NA,NA,NA,NA,NA,NA,NA,NA,NA,NA,NA,NA,NA,"Würzburg","Würzburg"
"267","York","MUNDUS MAPP",NA,NA,NA,NA,NA,NA,NA,NA,NA,NA,NA,NA,NA,NA,NA,NA,NA,NA,NA,"-1.0873","53.96","http://www.mundusmapp.org/",NA,NA,NA,NA,NA,NA,NA,NA,NA,NA,NA,NA,NA,NA,NA,NA,NA,NA,NA,"D/C",NA,NA,NA,NA,NA,NA,NA,NA,NA,NA,NA,NA,NA,NA,NA,NA,NA,NA,NA,"York","York"
"268","Zaragoza","EDAMUS","EM3E4SW",NA,NA,NA,NA,NA,NA,NA,NA,NA,NA,NA,NA,NA,NA,NA,NA,NA,NA,"-0.8897421","41.6488696","http://www.master-edamus.eu/","http://em3e-4sw.eu/em3e/index.php",NA,NA,NA,NA,NA,NA,NA,NA,NA,NA,NA,NA,NA,NA,NA,NA,NA,NA,"D/C","NEW",NA,NA,NA,NA,NA,NA,NA,NA,NA,NA,NA,NA,NA,NA,NA,NA,NA,NA,"Zaragoza","Zaragoza"
